,Customer_ID,Age,Years_in_Business,Monthly_MPesa_Inflow,Airtime_Spend,Loan_Amount_Requested,Default_Status,Region
0,1001,69.0,10,49953.0,640.0,50000,1,Mombasa
2,1003,78.0,1,37600.0,849.0,KES 5000,1,Nairobi
3,1004,38.0,4,24131.5,686.0,50000,1,Nairobi
4,1005,41.0,9,24131.5,453.0,50000,1,Nairobi
6,1007,39.0,8,59217.0,279.0,10000,0,Mombasa
7,1008,70.0,5,20272.0,335.0,5000,1,Nairobi
8,1009,19.0,1,7520.0,378.0,50000,0,Nairobi
9,1010,47.0,0,4767.0,394.0,10000,0,Mombasa
11,1012,19.0,8,19571.0,745.0,20000,0,Mombasa
12,1013,81.0,5,28432.0,448.0,20000,1,Nairobi
13,1014,77.0,9,13745.0,571.0,5000,1,Mombasa
14,1015,38.0,11,13969.0,386.0,2000,0,Nairobi
15,1016,50.0,6,17195.0,136.0,5000,1,Nairobi
16,1017,75.0,4,24616.0,554.0,KES 5000,0,Mombasa
17,1018,39.0,9,64735.0,118.0,2000,1,Mombasa
18,1019,66.0,5,3701.0,486.0,2000,1,Nairobi
19,1020,76.0,4,40615.0,226.0,10000,1,Nairobi
20,1021,59.0,10,37882.0,897.0,10000,0,Mombasa
21,1022,77.0,8,20419.0,682.0,2000,0,Nairobi
24,1025,79.0,10,37312.0,331.0,KES 5000,0,Mombasa
26,1027,79.0,1,24131.5,540.0,5000,0,Nairobi
27,1028,68.0,11,3245.0,553.0,5000,1,Nairobi
28,1029,72.0,12,33499.0,754.0,50000,1,Mombasa
30,1031,20.0,4,5142.0,558.0,20000,0,Nairobi
31,1032,68.0,6,10536.0,169.0,5000,1,Nairobi
32,1033,24.0,9,37261.0,308.0,KES 50000,1,Nairobi
34,1035,56.0,0,10888.0,519.0,5000,0,Nairobi
36,1037,21.0,4,23573.0,982.0,2000,0,Nairobi
37,1038,77.0,11,35298.0,803.0,KES 5000,1,Nairobi
38,1039,31.0,13,27794.0,620.0,5000,0,Nairobi
40,1041,70.0,13,33602.0,458.0,KES 10000,0,Nairobi
41,1042,19.0,1,54518.0,310.0,10000,0,Mombasa
43,1044,61.0,5,42440.0,552.0,20000,0,Mombasa
44,1045,25.0,10,13736.0,252.0,2000,1,Mombasa
46,1047,52.0,2,12147.0,469.0,5000,1,Mombasa
47,1048,53.0,4,97470.0,118.0,KES 10000,1,Mombasa
48,1049,67.0,3,7875.0,328.0,20000,0,Mombasa
49,1050,21.0,2,18751.0,417.0,50000,1,Nairobi
50,1051,19.0,9,34851.0,878.0,20000,0,Nairobi
52,1053,71.0,4,71455.0,233.0,50000,1,Mombasa
53,1054,21.0,10,65251.0,597.0,20000,1,Nairobi
54,1055,71.0,7,24131.5,191.0,20000,0,Nairobi
55,1056,80.0,10,12828.0,717.0,50000,1,Mombasa
56,1057,35.0,3,49075.0,406.0,5000,0,Nairobi
57,1058,61.0,0,53054.0,481.0,20000,1,Mombasa
58,1059,51.0,10,31332.0,765.0,50000,1,Nairobi
59,1060,79.0,6,16017.0,243.0,5000,1,Nairobi
60,1061,31.0,7,9168.0,221.0,50000,1,Mombasa
61,1062,65.0,2,13601.0,383.0,50000,1,Nairobi
62,1063,32.0,5,12994.0,708.0,20000,1,Mombasa
63,1064,79.0,1,24131.5,196.0,5000,0,Nairobi
66,1067,41.0,7,8474.0,610.0,2000,1,Nairobi
67,1068,43.0,5,41018.0,740.0,5000,0,Nairobi
68,1069,77.0,5,84814.0,407.0,50000,1,Nairobi
69,1070,58.0,4,26914.0,418.0,20000,0,Nairobi
70,1071,46.0,7,13997.0,731.0,20000,0,Nairobi
71,1072,32.0,0,10304.0,126.0,KES 5000,1,Mombasa
72,1073,62.0,9,39277.0,422.0,5000,1,Mombasa
73,1074,82.0,3,69909.0,538.0,2000,0,Nairobi
75,1076,18.0,3,16021.0,398.0,5000,0,Mombasa
76,1077,25.0,2,26440.0,507.0,10000,0,Mombasa
77,1078,80.0,2,43353.0,2.0,5000,1,Nairobi
78,1079,28.0,3,13118.0,368.0,50000,0,Nairobi
79,1080,25.0,10,29623.0,591.0,50000,1,Mombasa
80,1081,52.0,0,36079.0,304.0,2000,1,Mombasa
81,1082,52.0,13,38059.0,512.0,2000,0,Nairobi
82,1083,50.0,10,9471.0,589.0,10000,1,Nairobi
83,1084,22.0,12,11425.0,431.0,5000,0,Nairobi
84,1085,58.0,10,26727.0,534.0,20000,1,Mombasa
85,1086,45.0,1,41372.0,307.0,2000,1,Mombasa
86,1087,24.0,8,24131.5,459.0,KES 20000,0,Nairobi
87,1088,29.0,9,8867.0,622.0,KES 20000,1,Mombasa
88,1089,51.0,1,30189.0,531.0,5000,1,Mombasa
89,1090,50.0,4,24970.0,383.0,10000,0,Nairobi
90,1091,65.0,8,17432.0,545.0,5000,1,Nairobi
91,1092,40.0,8,55069.0,643.0,2000,1,Nairobi
92,1093,79.0,7,37702.0,90.0,KES 20000,0,Mombasa
94,1095,61.0,0,8330.0,433.0,5000,1,Nairobi
95,1096,52.0,8,18768.0,585.0,KES 5000,1,Mombasa
96,1097,82.0,12,24131.5,739.0,KES 2000,1,Mombasa
98,1099,20.0,7,109555.0,358.0,KES 5000,1,Mombasa
99,1100,18.0,9,19627.0,442.0,KES 2000,1,Nairobi
100,1101,22.0,8,1052.0,343.0,20000,1,Mombasa
102,1103,44.0,2,36178.0,329.0,2000,1,Mombasa
103,1104,26.0,2,26060.0,389.0,KES 50000,1,Nairobi
104,1105,32.0,1,411.0,541.0,5000,0,Nairobi
105,1106,59.0,4,31120.0,260.0,5000,0,Mombasa
106,1107,68.0,11,36986.0,421.0,KES 2000,1,Mombasa
107,1108,80.0,11,7481.0,563.0,KES 50000,1,Nairobi
108,1109,69.0,2,13895.0,433.0,5000,0,Mombasa
109,1110,21.0,13,23806.0,481.0,KES 20000,0,Nairobi
111,1112,32.0,1,17857.0,197.0,KES 10000,1,Mombasa
112,1113,60.0,11,31326.0,564.0,5000,1,Nairobi
113,1114,46.0,2,14705.0,851.0,50000,1,Mombasa
114,1115,53.0,4,5505.0,504.0,5000,1,Mombasa
115,1116,30.0,11,47159.0,545.0,50000,0,Nairobi
116,1117,49.0,10,9743.0,639.0,20000,0,Mombasa
118,1119,45.0,0,16410.0,841.0,5000,0,Nairobi
119,1120,83.0,12,24131.5,540.0,20000,1,Mombasa
120,1121,59.0,0,46167.0,826.0,KES 2000,1,Mombasa
121,1122,62.0,9,42855.0,353.0,10000,0,Mombasa
122,1123,79.0,8,18158.0,864.0,5000,0,Mombasa
123,1124,74.0,6,24131.5,655.0,5000,0,Nairobi
124,1125,23.0,0,27168.0,611.0,5000,0,Nairobi
125,1126,45.0,14,8992.0,547.0,20000,0,Nairobi
126,1127,45.0,11,10268.0,450.0,2000,1,Nairobi
127,1128,61.0,13,24406.0,740.0,KES 50000,1,Nairobi
128,1129,47.0,7,8283.0,528.0,2000,0,Mombasa
129,1130,79.0,2,24232.0,107.0,20000,0,Mombasa
130,1131,79.0,7,1666.0,277.0,5000,0,Mombasa
131,1132,18.0,14,17336.0,463.0,10000,1,Nairobi
132,1133,44.0,4,30933.0,562.0,5000,1,Mombasa
133,1134,79.0,0,29229.0,489.0,KES 50000,1,Mombasa
134,1135,20.0,6,24131.5,744.0,10000,0,Nairobi
135,1136,44.0,4,8971.0,110.0,5000,1,Nairobi
136,1137,26.0,5,24131.5,529.0,10000,0,Nairobi
137,1138,79.0,5,47423.0,136.0,2000,1,Mombasa
138,1139,54.0,7,30747.0,652.0,20000,1,Mombasa
140,1141,61.0,1,8299.0,584.0,50000,0,Nairobi
141,1142,41.0,8,24131.5,327.0,2000,0,Mombasa
143,1144,49.0,14,26785.0,708.0,2000,0,Mombasa
144,1145,69.0,10,12457.0,617.0,50000,0,Nairobi
145,1146,79.0,9,59529.0,474.0,5000,0,Nairobi
146,1147,75.0,8,40623.0,616.0,50000,0,Nairobi
147,1148,69.0,12,54792.0,359.0,10000,0,Nairobi
148,1149,29.0,9,30880.0,671.0,50000,0,Mombasa
149,1150,56.0,14,13645.0,830.0,10000,0,Nairobi
150,1151,19.0,9,24131.5,714.0,KES 5000,1,Mombasa
153,1154,76.0,6,11018.0,241.0,5000,1,Mombasa
154,1155,19.0,9,15319.0,614.0,20000,1,Nairobi
155,1156,19.0,4,25755.0,590.0,5000,1,Mombasa
157,1158,18.0,9,78536.0,268.0,20000,0,Mombasa
158,1159,36.0,6,11844.0,443.0,20000,1,Nairobi
159,1160,19.0,13,24131.5,440.0,5000,1,Mombasa
160,1161,70.0,14,15160.0,258.0,50000,0,Nairobi
162,1163,49.0,6,37983.0,550.0,20000,0,Mombasa
163,1164,49.0,8,27971.0,461.0,5000,1,Nairobi
164,1165,72.0,2,29301.0,349.0,50000,0,Nairobi
165,1166,73.0,7,21947.0,710.0,5000,1,Nairobi
166,1167,34.0,1,31364.0,831.0,5000,0,Mombasa
167,1168,55.0,10,30511.0,403.0,KES 20000,0,Mombasa
168,1169,41.0,6,44980.0,378.0,20000,1,Mombasa
169,1170,28.0,12,12322.0,598.0,2000,0,Nairobi
170,1171,33.0,1,46458.0,428.0,50000,0,Mombasa
171,1172,76.0,14,42090.0,472.0,50000,0,Mombasa
172,1173,20.0,13,24131.5,648.0,50000,0,Mombasa
173,1174,37.0,3,25592.0,118.0,10000,0,Nairobi
174,1175,76.0,6,23217.0,764.0,5000,1,Mombasa
175,1176,53.0,2,23373.0,515.0,20000,1,Mombasa
178,1179,36.0,9,24131.5,492.0,50000,1,Nairobi
179,1180,37.0,6,52144.0,154.0,5000,1,Nairobi
180,1181,69.0,0,79040.0,799.0,5000,0,Mombasa
182,1183,57.0,14,24131.5,589.0,KES 10000,0,Mombasa
183,1184,56.0,7,35448.0,690.0,20000,1,Mombasa
184,1185,18.0,2,24131.5,296.0,50000,1,Nairobi
185,1186,28.0,11,11006.0,595.0,2000,0,Nairobi
186,1187,74.0,11,59156.0,446.0,20000,0,Mombasa
187,1188,67.0,12,17674.0,669.0,10000,1,Nairobi
188,1189,40.0,1,24131.5,75.0,KES 20000,1,Mombasa
190,1191,59.0,4,30779.0,379.0,50000,1,Mombasa
191,1192,24.0,10,65080.0,586.0,KES 50000,1,Nairobi
193,1194,77.0,9,9113.0,358.0,KES 50000,1,Nairobi
194,1195,19.0,6,12279.0,358.0,50000,1,Mombasa
195,1196,18.0,6,4422.0,478.0,50000,1,Mombasa
196,1197,65.0,11,65167.0,321.0,2000,1,Mombasa
197,1198,29.0,6,55077.0,668.0,KES 10000,0,Nairobi
198,1199,54.0,14,15465.0,426.0,50000,0,Nairobi
203,1204,20.0,5,14748.0,253.0,5000,0,Mombasa
204,1205,37.0,8,44702.0,522.0,2000,1,Mombasa
205,1206,41.0,12,24131.5,766.0,20000,0,Nairobi
206,1207,71.0,1,24131.5,563.0,KES 20000,1,Nairobi
207,1208,50.0,0,572.0,379.0,5000,1,Mombasa
209,1210,53.0,9,11968.0,408.0,2000,1,Nairobi
210,1211,55.0,11,22471.0,361.0,20000,1,Mombasa
211,1212,42.0,13,28860.0,269.0,2000,1,Mombasa
214,1215,71.0,2,30417.0,532.0,20000,1,Mombasa
215,1216,52.0,9,56136.0,481.0,20000,0,Mombasa
216,1217,78.0,1,3121.0,417.0,10000,1,Nairobi
217,1218,58.0,13,6423.0,311.0,50000,1,Mombasa
218,1219,50.0,10,8456.0,622.0,5000,0,Nairobi
219,1220,50.0,6,16109.0,237.0,5000,0,Mombasa
220,1221,31.0,12,43112.0,655.0,50000,1,Mombasa
221,1222,38.0,12,24131.5,300.0,5000,0,Nairobi
222,1223,65.0,1,21412.0,350.0,50000,1,Nairobi
223,1224,37.0,2,21461.0,207.0,5000,1,Nairobi
224,1225,25.0,10,62751.0,400.0,10000,0,Nairobi
225,1226,24.0,6,29198.0,695.0,5000,0,Mombasa
226,1227,84.0,13,18364.0,603.0,20000,0,Nairobi
227,1228,34.0,3,46797.0,696.0,50000,0,Mombasa
228,1229,50.0,12,43298.0,604.0,2000,1,Nairobi
229,1230,65.0,13,33463.0,279.0,2000,0,Mombasa
231,1232,39.0,12,10459.0,344.0,10000,0,Nairobi
232,1233,47.0,13,11394.0,766.0,5000,0,Nairobi
233,1234,55.0,4,12003.0,261.0,10000,0,Mombasa
234,1235,68.0,11,11049.0,679.0,2000,1,Nairobi
237,1238,44.0,11,27020.0,418.0,10000,0,Mombasa
238,1239,44.0,14,8871.0,642.0,KES 10000,1,Mombasa
239,1240,38.0,8,30096.0,956.0,5000,0,Nairobi
240,1241,47.0,9,26730.0,376.0,KES 20000,1,Mombasa
242,1243,81.0,8,24131.5,124.0,5000,0,Nairobi
243,1244,78.0,14,9073.0,643.0,20000,1,Mombasa
244,1245,65.0,6,37667.0,123.0,2000,0,Nairobi
245,1246,36.0,3,26581.0,426.0,KES 20000,0,Mombasa
248,1249,81.0,13,15907.0,585.0,50000,0,Nairobi
249,1250,66.0,0,50334.0,544.0,10000,1,Mombasa
250,1251,34.0,2,24131.5,756.0,2000,0,Mombasa
251,1252,61.0,12,28067.0,310.0,50000,1,Mombasa
252,1253,47.0,13,23433.0,365.0,50000,1,Mombasa
253,1254,63.0,7,12137.0,345.0,5000,0,Mombasa
254,1255,23.0,13,17284.0,666.0,KES 10000,0,Nairobi
256,1257,41.0,3,13608.0,590.0,KES 2000,1,Mombasa
257,1258,63.0,1,26456.0,737.0,5000,0,Nairobi
258,1259,70.0,13,14444.0,264.0,2000,0,Nairobi
259,1260,77.0,4,23877.0,833.0,20000,1,Mombasa
260,1261,80.0,8,13630.0,805.0,50000,1,Nairobi
261,1262,49.0,0,16361.0,647.0,2000,0,Mombasa
262,1263,50.0,4,6151.0,856.0,KES 50000,0,Nairobi
263,1264,84.0,13,26885.0,169.0,5000,0,Nairobi
264,1265,35.0,14,24131.5,395.0,20000,0,Nairobi
265,1266,42.0,8,36269.0,353.0,5000,1,Mombasa
266,1267,71.0,14,23836.0,644.0,20000,1,Nairobi
267,1268,75.0,0,13286.0,290.0,20000,0,Mombasa
268,1269,84.0,8,24131.5,651.0,50000,0,Nairobi
269,1270,63.0,7,24896.0,774.0,KES 5000,0,Mombasa
270,1271,41.0,3,59898.0,639.0,5000,1,Mombasa
272,1273,64.0,10,3665.0,302.0,5000,0,Mombasa
273,1274,40.0,9,24131.5,331.0,2000,1,Nairobi
274,1275,83.0,4,55789.0,750.0,10000,1,Mombasa
275,1276,44.0,12,36901.0,656.0,KES 10000,0,Mombasa
276,1277,19.0,4,8043.0,492.0,10000,0,Mombasa
277,1278,34.0,10,27350.0,416.0,5000,1,Mombasa
278,1279,50.0,11,44872.0,95.0,5000,0,Mombasa
279,1280,26.0,5,17598.0,286.0,2000,0,Nairobi
280,1281,60.0,6,15840.0,882.0,20000,1,Nairobi
281,1282,65.0,7,16284.0,244.0,2000,1,Mombasa
283,1284,59.0,13,8563.0,701.0,2000,0,Nairobi
285,1286,67.0,10,29969.0,537.0,5000,1,Mombasa
287,1288,41.0,12,24138.0,502.0,10000,0,Nairobi
288,1289,30.0,1,8320.0,1074.0,10000,1,Mombasa
290,1291,24.0,6,24131.5,712.0,2000,0,Nairobi
291,1292,74.0,3,29592.0,465.0,20000,0,Nairobi
292,1293,53.0,3,12422.0,654.0,5000,1,Nairobi
293,1294,62.0,10,38420.0,588.0,2000,1,Mombasa
294,1295,37.0,7,78894.0,353.0,KES 50000,0,Mombasa
295,1296,82.0,3,32427.0,546.0,10000,1,Mombasa
296,1297,25.0,12,21932.0,128.0,KES 20000,0,Nairobi
297,1298,33.0,14,59776.0,621.0,20000,1,Nairobi
298,1299,31.0,5,16538.0,560.0,KES 20000,0,Nairobi
299,1300,32.0,4,49571.0,628.0,10000,0,Mombasa
300,1301,83.0,2,15573.0,712.0,2000,1,Nairobi
301,1302,49.0,12,17860.0,574.0,5000,1,Mombasa
302,1303,80.0,13,42894.0,530.0,KES 2000,0,Mombasa
304,1305,42.0,10,23058.0,358.0,20000,1,Nairobi
305,1306,75.0,1,57021.0,737.0,KES 2000,1,Nairobi
306,1307,80.0,8,32928.0,787.0,20000,0,Mombasa
307,1308,79.0,9,12609.0,452.0,50000,1,Mombasa
309,1310,75.0,0,36589.0,319.0,20000,0,Nairobi
310,1311,75.0,9,62229.0,735.0,5000,1,Mombasa
312,1313,69.0,7,50680.0,888.0,KES 20000,0,Mombasa
315,1316,71.0,4,40281.0,546.0,KES 50000,1,Mombasa
316,1317,77.0,5,24131.5,629.0,2000,0,Mombasa
319,1320,77.0,0,1749.0,676.0,50000,1,Nairobi
320,1321,22.0,8,30225.0,644.0,KES 10000,1,Nairobi
321,1322,23.0,2,23791.0,317.0,KES 50000,0,Mombasa
322,1323,64.0,3,20945.0,771.0,5000,1,Nairobi
323,1324,72.0,9,34087.0,734.0,KES 20000,0,Mombasa
324,1325,57.0,0,28990.0,527.0,20000,0,Nairobi
325,1326,69.0,12,31654.0,516.0,20000,0,Nairobi
326,1327,33.0,10,46459.0,611.0,20000,1,Mombasa
327,1328,30.0,9,16124.0,328.0,10000,1,Nairobi
328,1329,47.0,2,32168.0,506.0,50000,1,Nairobi
329,1330,36.0,1,14464.0,70.0,KES 20000,0,Mombasa
330,1331,34.0,1,3380.0,675.0,2000,1,Mombasa
331,1332,80.0,13,19690.0,188.0,20000,0,Nairobi
334,1335,72.0,2,34245.0,458.0,KES 10000,0,Nairobi
335,1336,79.0,2,46767.0,374.0,5000,0,Nairobi
337,1338,26.0,12,24131.5,784.0,50000,1,Nairobi
338,1339,29.0,7,13312.0,2.0,5000,0,Mombasa
339,1340,18.0,12,25705.0,755.0,5000,1,Nairobi
340,1341,75.0,14,30494.0,568.0,KES 2000,0,Nairobi
341,1342,18.0,8,39605.0,259.0,50000,1,Nairobi
343,1344,65.0,3,121512.0,835.0,5000,1,Mombasa
344,1345,18.0,13,65787.0,311.0,5000,1,Nairobi
345,1346,33.0,4,24131.5,269.0,KES 5000,0,Mombasa
347,1348,81.0,10,9047.0,568.0,KES 20000,0,Nairobi
348,1349,80.0,8,10052.0,312.0,10000,0,Nairobi
349,1350,39.0,7,43431.0,543.0,KES 50000,1,Mombasa
350,1351,84.0,2,20353.0,295.0,2000,1,Nairobi
351,1352,43.0,10,65973.0,720.0,20000,1,Mombasa
352,1353,33.0,11,38800.0,712.0,2000,0,Nairobi
353,1354,68.0,12,23012.0,606.0,50000,1,Mombasa
355,1356,46.0,2,20974.0,852.0,2000,1,Nairobi
356,1357,64.0,8,2531.0,500.0,2000,1,Nairobi
357,1358,79.0,1,11373.0,264.0,KES 2000,1,Nairobi
358,1359,33.0,11,14148.0,590.0,KES 50000,1,Nairobi
360,1361,56.0,8,15401.0,297.0,2000,0,Mombasa
361,1362,50.0,14,33042.0,428.0,20000,1,Nairobi
362,1363,40.0,7,21665.0,583.0,50000,0,Nairobi
363,1364,27.0,8,24131.5,489.0,KES 10000,0,Nairobi
364,1365,51.0,4,24131.5,304.0,10000,0,Mombasa
365,1366,69.0,10,24642.0,724.0,KES 20000,0,Mombasa
366,1367,27.0,10,24131.5,964.0,KES 5000,0,Nairobi
367,1368,36.0,1,24131.5,539.0,2000,0,Nairobi
368,1369,75.0,7,14368.0,319.0,50000,0,Mombasa
369,1370,18.0,11,44802.0,190.0,2000,0,Nairobi
371,1372,33.0,5,47420.0,721.0,10000,1,Nairobi
372,1373,41.0,7,15899.0,595.0,2000,0,Nairobi
373,1374,19.0,10,27912.0,500.0,20000,0,Nairobi
374,1375,49.0,4,14885.0,382.0,5000,0,Nairobi
375,1376,41.0,9,12098.0,282.0,20000,1,Nairobi
376,1377,29.0,1,1982.0,667.0,5000,1,Nairobi
378,1379,52.0,4,16647.0,191.0,2000,0,Nairobi
379,1380,50.0,11,36281.0,818.0,KES 5000,1,Mombasa
380,1381,50.0,12,21880.0,615.0,KES 10000,1,Mombasa
381,1382,78.0,11,55394.0,780.0,50000,0,Nairobi
382,1383,68.0,4,4211.0,232.0,20000,0,Nairobi
383,1384,60.0,12,29221.0,227.0,20000,0,Mombasa
384,1385,29.0,0,42765.0,470.0,20000,0,Nairobi
388,1389,57.0,13,14467.0,451.0,50000,0,Mombasa
389,1390,60.0,12,3015.0,295.0,5000,0,Mombasa
390,1391,61.0,2,42041.0,746.0,KES 2000,1,Nairobi
391,1392,46.0,9,35275.0,307.0,KES 50000,0,Mombasa
392,1393,30.0,2,45210.0,826.0,10000,0,Mombasa
393,1394,29.0,7,10815.0,443.0,2000,0,Nairobi
394,1395,63.0,7,9230.0,818.0,2000,1,Nairobi
395,1396,19.0,1,36684.0,636.0,50000,0,Mombasa
396,1397,52.0,7,24131.5,473.0,10000,1,Nairobi
397,1398,25.0,10,3727.0,396.0,KES 5000,0,Nairobi
399,1400,51.0,12,69993.0,586.0,10000,0,Mombasa
400,1401,24.0,0,43339.0,515.0,2000,1,Mombasa
401,1402,75.0,5,20409.0,381.0,KES 10000,0,Mombasa
402,1403,46.0,7,8086.0,467.0,2000,0,Mombasa
403,1404,53.0,2,10589.0,516.0,50000,1,Nairobi
404,1405,38.0,7,17561.0,74.0,50000,1,Mombasa
405,1406,53.0,11,6409.0,592.0,20000,1,Nairobi
408,1409,81.0,10,8372.0,163.0,50000,0,Mombasa
409,1410,66.0,8,24131.5,141.0,5000,1,Nairobi
410,1411,53.0,12,17077.0,229.0,50000,1,Nairobi
412,1413,40.0,12,16873.0,891.0,KES 50000,0,Mombasa
413,1414,79.0,8,9194.0,395.0,50000,0,Nairobi
414,1415,54.0,4,18628.0,536.0,2000,0,Mombasa
415,1416,29.0,9,24131.5,580.0,2000,0,Nairobi
416,1417,72.0,3,18737.0,526.0,KES 2000,0,Mombasa
417,1418,30.0,14,23234.0,485.0,50000,0,Mombasa
418,1419,40.0,10,29702.0,261.0,5000,0,Mombasa
419,1420,47.0,5,5467.0,790.0,10000,0,Mombasa
422,1423,30.0,4,8402.0,295.0,KES 5000,1,Nairobi
424,1425,36.0,12,57108.0,307.0,20000,0,Mombasa
425,1426,66.0,9,7665.0,601.0,2000,0,Mombasa
426,1427,29.0,8,11711.0,354.0,2000,0,Nairobi
427,1428,78.0,2,48622.0,933.0,10000,1,Mombasa
428,1429,36.0,14,3698.0,738.0,5000,1,Nairobi
429,1430,26.0,6,24131.5,543.0,20000,0,Nairobi
430,1431,45.0,9,31088.0,705.0,KES 10000,1,Nairobi
432,1433,33.0,10,17291.0,387.0,50000,0,Mombasa
433,1434,29.0,4,7539.0,337.0,5000,0,Mombasa
434,1435,42.0,13,29962.0,516.0,50000,0,Mombasa
435,1436,69.0,6,30510.0,672.0,KES 10000,0,Nairobi
437,1438,40.0,1,18628.0,185.0,KES 20000,0,Mombasa
438,1439,33.0,3,30826.0,339.0,50000,1,Mombasa
440,1441,56.0,13,8474.0,485.0,2000,1,Mombasa
441,1442,70.0,12,30276.0,895.0,50000,0,Nairobi
442,1443,59.0,12,51216.0,223.0,20000,0,Mombasa
443,1444,75.0,11,39549.0,601.0,20000,1,Nairobi
444,1445,56.0,6,13421.0,798.0,KES 50000,1,Nairobi
445,1446,31.0,1,20132.0,954.0,2000,1,Nairobi
446,1447,22.0,12,55981.0,419.0,20000,0,Mombasa
447,1448,52.0,13,19027.0,598.0,10000,1,Mombasa
448,1449,35.0,10,55053.0,614.0,50000,1,Nairobi
450,1451,75.0,8,22471.0,480.0,5000,1,Nairobi
453,1454,63.0,14,20610.0,636.0,20000,1,Mombasa
454,1455,30.0,1,17872.0,525.0,KES 5000,1,Mombasa
456,1457,59.0,7,11372.0,909.0,10000,0,Mombasa
457,1458,26.0,12,13956.0,365.0,10000,0,Mombasa
458,1459,67.0,2,24131.5,419.0,2000,1,Nairobi
462,1463,46.0,6,41075.0,471.0,KES 20000,1,Mombasa
463,1464,54.0,9,55601.0,668.0,20000,1,Nairobi
464,1465,55.0,8,24131.5,542.0,50000,1,Mombasa
465,1466,25.0,1,29330.0,241.0,10000,1,Nairobi
466,1467,82.0,14,4790.0,394.0,10000,1,Nairobi
467,1468,34.0,11,4839.0,379.0,10000,0,Mombasa
468,1469,62.0,11,27125.0,485.0,50000,1,Nairobi
469,1470,21.0,14,22480.0,585.0,20000,0,Nairobi
470,1471,53.0,13,25589.0,584.0,20000,1,Mombasa
471,1472,48.0,4,38735.0,145.0,2000,1,Mombasa
472,1473,36.0,12,65087.0,713.0,50000,0,Mombasa
473,1474,78.0,5,25060.0,551.0,2000,1,Mombasa
474,1475,71.0,3,22004.0,777.0,50000,1,Mombasa
475,1476,56.0,3,13623.0,589.0,2000,0,Mombasa
477,1478,56.0,1,14678.0,593.0,10000,0,Nairobi
478,1479,84.0,3,19987.0,769.0,10000,1,Mombasa
480,1481,30.0,0,26559.0,480.0,5000,0,Nairobi
481,1482,75.0,11,24131.5,954.0,10000,1,Mombasa
482,1483,37.0,5,11833.0,678.0,KES 20000,0,Nairobi
483,1484,78.0,0,32065.0,615.0,5000,0,Mombasa
484,1485,56.0,9,95791.0,245.0,10000,0,Nairobi
485,1486,18.0,5,7413.0,242.0,2000,1,Mombasa
486,1487,20.0,0,9123.0,559.0,50000,1,Mombasa
487,1488,79.0,5,43412.0,529.0,5000,0,Nairobi
489,1490,42.0,7,62011.0,528.0,5000,1,Nairobi
490,1491,73.0,10,13249.0,818.0,KES 20000,1,Nairobi
491,1492,50.0,1,46496.0,639.0,5000,0,Nairobi
492,1493,55.0,1,32070.0,272.0,20000,1,Nairobi
494,1495,75.0,14,14729.0,339.0,2000,1,Mombasa
495,1496,61.0,12,24131.5,422.0,10000,1,Nairobi
496,1497,62.0,11,11789.0,417.0,2000,0,Nairobi
497,1498,49.0,3,53745.0,404.0,10000,1,Nairobi
498,1499,62.0,10,41932.0,249.0,10000,0,Nairobi
499,1500,78.0,2,16688.0,474.0,5000,1,Nairobi
500,1501,64.0,3,22035.0,388.0,50000,0,Mombasa
502,1503,53.0,11,23752.0,911.0,20000,1,Mombasa
503,1504,36.0,6,86360.0,718.0,20000,1,Mombasa
508,1509,66.0,14,17440.0,879.0,10000,0,Mombasa
509,1510,31.0,14,27806.0,531.0,KES 20000,0,Mombasa
510,1511,32.0,2,25329.0,705.0,50000,0,Mombasa
511,1512,48.0,10,6472.0,535.0,20000,0,Nairobi
512,1513,18.0,9,6379.0,233.0,2000,0,Nairobi
513,1514,71.0,6,57356.0,418.0,2000,0,Nairobi
514,1515,20.0,9,19300.0,526.0,2000,0,Mombasa
515,1516,33.0,1,18488.0,409.0,20000,0,Mombasa
516,1517,74.0,13,91877.0,456.0,5000,0,Nairobi
517,1518,29.0,1,48910.0,482.0,50000,0,Nairobi
518,1519,33.0,12,70634.0,484.0,20000,1,Nairobi
519,1520,41.0,3,58696.0,510.0,5000,1,Mombasa
520,1521,45.0,0,44197.0,288.0,5000,0,Mombasa
521,1522,25.0,2,68555.0,357.0,KES 20000,1,Mombasa
522,1523,53.0,12,12964.0,243.0,20000,1,Mombasa
523,1524,25.0,8,11555.0,696.0,5000,0,Mombasa
524,1525,75.0,6,24131.5,79.0,5000,0,Nairobi
526,1527,67.0,6,27376.0,777.0,20000,1,Mombasa
527,1528,45.0,12,5568.0,440.0,5000,0,Nairobi
529,1530,81.0,10,21011.0,428.0,20000,0,Nairobi
530,1531,44.0,3,809.0,487.0,2000,1,Mombasa
532,1533,34.0,14,24131.5,397.0,20000,0,Mombasa
533,1534,50.0,13,87972.0,806.0,10000,0,Mombasa
534,1535,46.0,3,29427.0,633.0,5000,1,Nairobi
535,1536,30.0,5,27412.0,315.0,5000,1,Mombasa
536,1537,63.0,10,68538.0,180.0,KES 50000,0,Nairobi
537,1538,52.0,10,20674.0,435.0,5000,0,Nairobi
538,1539,23.0,2,28910.0,457.0,10000,1,Nairobi
539,1540,64.0,0,24131.5,599.0,KES 5000,0,Mombasa
540,1541,42.0,13,13205.0,393.0,KES 20000,1,Mombasa
541,1542,83.0,11,24131.5,602.0,5000,0,Nairobi
542,1543,27.0,7,6899.0,887.0,50000,0,Nairobi
543,1544,73.0,11,24131.5,663.0,KES 5000,0,Nairobi
544,1545,47.0,12,40534.0,490.0,10000,1,Mombasa
545,1546,22.0,4,18092.0,463.0,10000,0,Mombasa
546,1547,50.0,14,24131.5,429.0,5000,1,Nairobi
547,1548,82.0,4,24131.5,736.0,10000,0,Nairobi
548,1549,35.0,10,22974.0,375.0,10000,1,Mombasa
549,1550,66.0,3,36910.0,509.0,50000,1,Mombasa
550,1551,28.0,5,26013.0,510.0,20000,0,Nairobi
551,1552,43.0,2,14245.0,400.0,50000,1,Nairobi
553,1554,76.0,4,33415.0,565.0,50000,1,Mombasa
554,1555,44.0,2,63559.0,488.0,5000,1,Mombasa
555,1556,66.0,10,7346.0,600.0,KES 20000,0,Mombasa
556,1557,50.0,0,24131.5,393.0,5000,0,Nairobi
557,1558,18.0,9,39515.0,744.0,KES 2000,0,Nairobi
559,1560,72.0,5,31952.0,842.0,10000,1,Nairobi
560,1561,23.0,14,39029.0,150.0,50000,0,Nairobi
562,1563,20.0,12,22102.0,595.0,2000,1,Nairobi
563,1564,70.0,2,25074.0,341.0,10000,0,Nairobi
565,1566,70.0,8,45093.0,756.0,KES 10000,1,Mombasa
566,1567,54.0,7,14846.0,57.0,KES 50000,0,Mombasa
567,1568,34.0,11,15596.0,601.0,20000,1,Nairobi
568,1569,18.0,1,23426.0,1.0,KES 10000,0,Mombasa
569,1570,68.0,14,34714.0,307.0,10000,1,Nairobi
570,1571,62.0,11,24131.5,826.0,10000,1,Nairobi
571,1572,21.0,10,25940.0,384.0,20000,1,Mombasa
572,1573,79.0,7,31992.0,265.0,2000,1,Nairobi
573,1574,82.0,11,13532.0,460.0,50000,1,Mombasa
574,1575,49.0,13,28166.0,914.0,10000,0,Mombasa
576,1577,56.0,0,15350.0,290.0,2000,0,Mombasa
577,1578,43.0,12,25520.0,799.0,KES 50000,1,Mombasa
579,1580,71.0,7,23392.0,479.0,50000,1,Mombasa
582,1583,29.0,13,55364.0,819.0,20000,1,Mombasa
583,1584,82.0,1,24877.0,636.0,2000,0,Nairobi
584,1585,71.0,3,69097.0,338.0,KES 10000,1,Nairobi
585,1586,22.0,6,38991.0,490.0,2000,1,Mombasa
586,1587,74.0,2,21194.0,468.0,2000,0,Nairobi
587,1588,34.0,12,13803.0,566.0,5000,1,Nairobi
588,1589,64.0,11,9334.0,790.0,KES 2000,0,Nairobi
589,1590,40.0,4,22138.0,676.0,KES 50000,1,Nairobi
590,1591,31.0,7,11620.0,285.0,20000,0,Mombasa
591,1592,83.0,11,24131.5,775.0,5000,1,Mombasa
592,1593,68.0,9,32156.0,563.0,KES 20000,0,Mombasa
593,1594,55.0,2,6960.0,637.0,20000,0,Nairobi
595,1596,55.0,13,26998.0,278.0,10000,0,Nairobi
596,1597,67.0,14,38196.0,493.0,5000,1,Mombasa
598,1599,68.0,13,5191.0,186.0,10000,0,Mombasa
599,1600,80.0,13,24131.5,569.0,KES 10000,0,Mombasa
600,1601,69.0,6,15120.0,1002.0,KES 20000,0,Nairobi
601,1602,55.0,0,5561.0,132.0,5000,0,Nairobi
602,1603,47.0,13,25636.0,494.0,20000,0,Nairobi
603,1604,68.0,11,29375.0,628.0,50000,1,Nairobi
605,1606,46.0,3,5463.0,477.0,50000,1,Mombasa
606,1607,21.0,8,86435.0,240.0,2000,0,Mombasa
607,1608,27.0,5,12426.0,547.0,KES 2000,0,Mombasa
608,1609,73.0,8,48515.0,349.0,50000,0,Nairobi
610,1611,34.0,14,17942.0,739.0,KES 20000,0,Mombasa
611,1612,51.0,5,33787.0,692.0,50000,1,Mombasa
614,1615,83.0,4,34618.0,715.0,2000,0,Nairobi
615,1616,60.0,1,25216.0,545.0,50000,1,Nairobi
616,1617,40.0,7,41414.0,681.0,10000,0,Nairobi
617,1618,72.0,7,16831.0,441.0,KES 10000,1,Mombasa
618,1619,33.0,10,48511.0,762.0,KES 50000,0,Nairobi
620,1621,21.0,0,34110.0,539.0,10000,0,Mombasa
622,1623,73.0,4,4622.0,557.0,5000,0,Mombasa
623,1624,42.0,1,40890.0,334.0,5000,1,Mombasa
624,1625,84.0,13,13341.0,372.0,20000,1,Mombasa
625,1626,84.0,1,9960.0,337.0,KES 5000,0,Mombasa
627,1628,49.0,14,44494.0,925.0,10000,1,Nairobi
628,1629,67.0,14,9555.0,766.0,50000,1,Nairobi
629,1630,78.0,5,8234.0,884.0,KES 50000,1,Nairobi
630,1631,68.0,10,17104.0,255.0,5000,1,Nairobi
634,1635,59.0,11,78657.0,316.0,5000,0,Mombasa
635,1636,78.0,5,33177.0,748.0,5000,1,Mombasa
636,1637,39.0,8,37703.0,421.0,2000,0,Nairobi
637,1638,38.0,7,27095.0,714.0,KES 20000,0,Nairobi
638,1639,18.0,10,5131.0,621.0,2000,0,Mombasa
639,1640,22.0,5,43713.0,961.0,50000,1,Nairobi
640,1641,29.0,2,25651.0,204.0,10000,1,Nairobi
641,1642,63.0,7,10679.0,752.0,50000,1,Nairobi
642,1643,51.0,8,52350.0,729.0,10000,1,Mombasa
643,1644,66.0,0,49658.0,305.0,5000,1,Nairobi
644,1645,62.0,11,52525.0,701.0,20000,0,Mombasa
645,1646,44.0,8,47506.0,567.0,2000,1,Mombasa
646,1647,43.0,13,15991.0,455.0,20000,0,Nairobi
648,1649,73.0,5,51601.0,356.0,50000,0,Mombasa
649,1650,80.0,5,47906.0,910.0,50000,1,Nairobi
650,1651,65.0,11,1400.0,500.0,2000,1,Mombasa
651,1652,78.0,3,23578.0,656.0,20000,1,Nairobi
652,1653,43.0,0,13585.0,342.0,2000,1,Mombasa
653,1654,53.0,9,64700.0,344.0,KES 5000,1,Mombasa
655,1656,25.0,1,34882.0,230.0,5000,0,Mombasa
656,1657,69.0,11,28931.0,417.0,KES 50000,1,Nairobi
657,1658,64.0,0,60251.0,507.0,KES 50000,0,Nairobi
658,1659,73.0,1,79368.0,522.0,10000,1,Mombasa
660,1661,45.0,0,24131.5,579.0,5000,0,Nairobi
661,1662,19.0,8,62618.0,639.0,KES 10000,0,Nairobi
663,1664,31.0,13,10076.0,303.0,5000,0,Nairobi
664,1665,76.0,0,14415.0,443.0,2000,0,Nairobi
666,1667,24.0,3,26375.0,679.0,5000,0,Nairobi
667,1668,20.0,9,14545.0,225.0,20000,1,Mombasa
668,1669,40.0,5,57852.0,570.0,5000,1,Nairobi
669,1670,35.0,6,5641.0,104.0,KES 50000,0,Nairobi
670,1671,55.0,1,13940.0,509.0,2000,0,Nairobi
671,1672,32.0,5,22178.0,880.0,KES 10000,1,Nairobi
672,1673,81.0,6,24131.5,310.0,50000,0,Mombasa
673,1674,45.0,9,14308.0,333.0,KES 20000,0,Nairobi
674,1675,56.0,13,37009.0,653.0,50000,0,Mombasa
675,1676,74.0,9,22144.0,191.0,50000,0,Nairobi
676,1677,34.0,1,8353.0,373.0,KES 20000,0,Mombasa
677,1678,61.0,14,36506.0,619.0,50000,0,Mombasa
678,1679,42.0,1,19724.0,373.0,10000,0,Mombasa
679,1680,34.0,9,16105.0,453.0,5000,1,Nairobi
680,1681,30.0,6,7091.0,649.0,50000,0,Nairobi
683,1684,84.0,7,14904.0,432.0,KES 5000,1,Mombasa
684,1685,35.0,10,9094.0,574.0,50000,1,Nairobi
685,1686,51.0,12,4656.0,475.0,10000,0,Nairobi
686,1687,25.0,2,4132.0,592.0,50000,1,Nairobi
687,1688,57.0,10,22602.0,401.0,KES 20000,1,Nairobi
688,1689,59.0,5,26735.0,463.0,KES 5000,1,Mombasa
689,1690,58.0,8,33478.0,302.0,50000,1,Nairobi
691,1692,69.0,8,28771.0,338.0,KES 10000,0,Nairobi
692,1693,43.0,6,66697.0,277.0,2000,0,Mombasa
694,1695,76.0,8,24131.5,543.0,50000,0,Mombasa
695,1696,73.0,1,50216.0,657.0,5000,0,Mombasa
698,1699,70.0,7,21065.0,610.0,10000,1,Nairobi
699,1700,39.0,1,30752.0,589.0,50000,0,Mombasa
700,1701,38.0,11,11717.0,335.0,KES 20000,1,Mombasa
702,1703,79.0,3,19185.0,573.0,2000,0,Nairobi
704,1705,41.0,14,18255.0,83.0,10000,1,Nairobi
705,1706,72.0,10,34058.0,532.0,10000,0,Mombasa
706,1707,26.0,14,11719.0,943.0,KES 2000,1,Mombasa
707,1708,20.0,6,22369.0,428.0,50000,1,Mombasa
708,1709,48.0,10,5017.0,354.0,5000,1,Mombasa
709,1710,57.0,3,17426.0,575.0,10000,1,Mombasa
710,1711,53.0,3,25307.0,562.0,20000,1,Nairobi
711,1712,41.0,5,23357.0,739.0,KES 10000,0,Nairobi
712,1713,23.0,9,44125.0,248.0,5000,0,Mombasa
713,1714,83.0,5,24131.5,646.0,10000,0,Mombasa
716,1717,68.0,2,13765.0,568.0,10000,1,Nairobi
717,1718,79.0,14,11648.0,706.0,20000,1,Mombasa
719,1720,83.0,11,19616.0,271.0,2000,0,Nairobi
721,1722,43.0,13,34827.0,487.0,20000,1,Mombasa
722,1723,68.0,10,6505.0,515.0,10000,1,Mombasa
724,1725,61.0,5,28109.0,470.0,5000,0,Mombasa
725,1726,22.0,11,24131.5,738.0,5000,0,Nairobi
726,1727,43.0,6,28099.0,483.0,20000,0,Nairobi
727,1728,36.0,11,42974.0,276.0,50000,0,Nairobi
729,1730,29.0,8,20134.0,536.0,50000,0,Mombasa
730,1731,64.0,12,93621.0,746.0,2000,0,Mombasa
731,1732,18.0,2,13100.0,621.0,KES 5000,0,Nairobi
733,1734,81.0,2,16823.0,997.0,20000,1,Mombasa
734,1735,55.0,6,3982.0,553.0,50000,0,Nairobi
735,1736,54.0,13,13872.0,755.0,KES 5000,1,Mombasa
737,1738,20.0,12,30206.0,607.0,KES 20000,1,Mombasa
738,1739,50.0,7,18401.0,668.0,20000,1,Mombasa
739,1740,23.0,12,13757.0,744.0,50000,1,Mombasa
740,1741,67.0,6,16626.0,711.0,2000,0,Nairobi
741,1742,27.0,4,37051.0,674.0,2000,0,Mombasa
742,1743,22.0,6,24131.5,437.0,10000,0,Mombasa
744,1745,27.0,11,24131.5,567.0,50000,1,Mombasa
745,1746,61.0,1,26979.0,687.0,5000,1,Nairobi
746,1747,19.0,5,4665.0,455.0,50000,1,Mombasa
747,1748,30.0,1,51312.0,713.0,50000,0,Nairobi
748,1749,57.0,2,17006.0,791.0,50000,0,Mombasa
749,1750,19.0,5,8731.0,317.0,5000,0,Nairobi
750,1751,82.0,4,24131.5,333.0,20000,0,Mombasa
751,1752,80.0,7,51811.0,472.0,KES 5000,0,Nairobi
752,1753,34.0,8,2239.0,562.0,50000,0,Mombasa
753,1754,26.0,10,33992.0,395.0,10000,1,Mombasa
756,1757,55.0,9,70195.0,508.0,10000,1,Nairobi
758,1759,66.0,2,36852.0,237.0,50000,0,Nairobi
759,1760,79.0,12,27234.0,556.0,10000,1,Mombasa
760,1761,77.0,12,76289.0,73.0,KES 50000,0,Mombasa
761,1762,67.0,5,19943.0,703.0,KES 5000,0,Mombasa
762,1763,26.0,14,34165.0,468.0,10000,0,Nairobi
763,1764,51.0,14,27104.0,1149.0,KES 5000,1,Mombasa
765,1766,18.0,6,22276.0,464.0,10000,1,Nairobi
766,1767,57.0,11,15186.0,479.0,2000,1,Mombasa
767,1768,81.0,0,27243.0,699.0,10000,0,Mombasa
768,1769,39.0,13,34646.0,841.0,2000,1,Nairobi
772,1773,31.0,12,7354.0,617.0,50000,1,Nairobi
773,1774,77.0,7,37206.0,599.0,20000,1,Mombasa
774,1775,47.0,3,97302.0,714.0,5000,0,Nairobi
775,1776,52.0,4,19046.0,260.0,5000,0,Nairobi
776,1777,54.0,3,12617.0,37.0,2000,0,Mombasa
777,1778,22.0,11,16916.0,672.0,50000,0,Mombasa
778,1779,43.0,11,7464.0,334.0,KES 2000,1,Nairobi
780,1781,21.0,3,30371.0,529.0,KES 5000,1,Mombasa
781,1782,59.0,11,24125.0,659.0,KES 50000,1,Nairobi
782,1783,35.0,7,24131.5,476.0,20000,1,Mombasa
783,1784,57.0,1,9212.0,408.0,KES 20000,1,Nairobi
784,1785,56.0,0,24131.5,468.0,50000,1,Mombasa
786,1787,49.0,8,27645.0,230.0,2000,1,Mombasa
787,1788,68.0,3,2456.0,357.0,50000,1,Nairobi
788,1789,55.0,9,21553.0,604.0,20000,1,Nairobi
790,1791,80.0,1,19668.0,534.0,2000,1,Nairobi
791,1792,32.0,3,21593.0,301.0,2000,1,Mombasa
792,1793,42.0,1,24131.5,464.0,2000,0,Nairobi
795,1796,70.0,3,28896.0,786.0,50000,0,Mombasa
796,1797,68.0,5,15652.0,205.0,5000,1,Mombasa
798,1799,68.0,9,61179.0,566.0,10000,1,Mombasa
799,1800,23.0,2,9397.0,751.0,2000,1,Nairobi
801,1802,24.0,9,21555.0,362.0,20000,0,Nairobi
802,1803,68.0,5,14846.0,106.0,20000,0,Mombasa
804,1805,81.0,11,48821.0,908.0,50000,1,Nairobi
805,1806,32.0,2,21168.0,555.0,5000,1,Nairobi
806,1807,46.0,12,92169.0,496.0,5000,1,Nairobi
807,1808,50.0,1,30569.0,564.0,20000,0,Nairobi
808,1809,44.0,7,67236.0,498.0,2000,1,Nairobi
809,1810,53.0,4,62970.0,337.0,10000,1,Mombasa
810,1811,46.0,14,33920.0,665.0,KES 5000,1,Nairobi
811,1812,55.0,0,8743.0,545.0,5000,0,Mombasa
812,1813,74.0,2,24131.5,504.0,2000,0,Nairobi
813,1814,44.0,9,13480.0,305.0,2000,1,Mombasa
814,1815,72.0,7,36703.0,761.0,50000,1,Mombasa
815,1816,50.0,3,32547.0,633.0,10000,1,Mombasa
816,1817,83.0,13,29464.0,389.0,2000,0,Nairobi
817,1818,27.0,6,43466.0,700.0,KES 5000,0,Mombasa
818,1819,22.0,9,31510.0,400.0,5000,0,Nairobi
819,1820,55.0,11,23253.0,344.0,20000,1,Nairobi
821,1822,48.0,13,14673.0,146.0,50000,1,Mombasa
823,1824,69.0,6,45356.0,134.0,50000,0,Mombasa
824,1825,73.0,4,22086.0,254.0,5000,1,Mombasa
825,1826,32.0,4,29556.0,85.0,50000,0,Nairobi
826,1827,46.0,5,24131.5,483.0,KES 5000,1,Nairobi
827,1828,25.0,12,53191.0,470.0,5000,1,Nairobi
828,1829,22.0,8,38429.0,435.0,KES 5000,0,Nairobi
830,1831,64.0,5,23991.0,266.0,5000,1,Mombasa
831,1832,62.0,11,12277.0,593.0,20000,1,Mombasa
832,1833,19.0,12,24131.5,390.0,50000,1,Mombasa
833,1834,44.0,14,5564.0,563.0,20000,1,Mombasa
836,1837,43.0,6,42782.0,761.0,KES 2000,1,Nairobi
837,1838,60.0,8,10753.0,617.0,KES 2000,0,Nairobi
838,1839,44.0,3,64347.0,418.0,10000,0,Mombasa
839,1840,37.0,1,19096.0,551.0,2000,1,Mombasa
840,1841,28.0,6,35778.0,452.0,KES 50000,1,Mombasa
842,1843,23.0,0,55016.0,435.0,50000,1,Mombasa
844,1845,64.0,8,19757.0,542.0,10000,0,Nairobi
846,1847,29.0,11,39676.0,297.0,20000,1,Nairobi
847,1848,30.0,1,54909.0,222.0,KES 50000,1,Nairobi
849,1850,77.0,4,23162.0,257.0,50000,0,Nairobi
850,1851,60.0,4,16458.0,532.0,KES 2000,0,Nairobi
851,1852,22.0,14,56675.0,321.0,KES 5000,0,Nairobi
853,1854,48.0,7,24131.5,507.0,20000,0,Nairobi
854,1855,26.0,11,40934.0,106.0,KES 20000,0,Mombasa
855,1856,68.0,7,60784.0,631.0,10000,1,Nairobi
857,1858,57.0,12,24131.5,301.0,10000,0,Nairobi
858,1859,58.0,6,88068.0,584.0,2000,1,Mombasa
859,1860,28.0,14,24131.5,329.0,5000,1,Mombasa
860,1861,40.0,14,77276.0,520.0,10000,0,Nairobi
862,1863,63.0,9,41251.0,141.0,KES 5000,0,Mombasa
863,1864,38.0,2,28210.0,423.0,10000,1,Nairobi
864,1865,53.0,5,27835.0,475.0,20000,0,Mombasa
866,1867,74.0,9,37218.0,263.0,50000,0,Mombasa
867,1868,18.0,12,23741.0,420.0,10000,1,Nairobi
868,1869,80.0,9,14366.0,554.0,KES 50000,1,Nairobi
869,1870,71.0,11,37445.0,491.0,5000,1,Mombasa
870,1871,72.0,13,22021.0,537.0,KES 10000,1,Nairobi
871,1872,57.0,8,53339.0,366.0,KES 5000,1,Mombasa
872,1873,32.0,0,52214.0,734.0,5000,1,Mombasa
873,1874,38.0,4,33670.0,265.0,2000,1,Mombasa
876,1877,26.0,10,79398.0,596.0,10000,1,Mombasa
877,1878,69.0,11,36559.0,459.0,10000,1,Mombasa
878,1879,74.0,0,60643.0,394.0,KES 20000,0,Nairobi
879,1880,43.0,8,24131.5,707.0,2000,0,Nairobi
880,1881,58.0,5,24131.5,215.0,KES 5000,1,Mombasa
881,1882,52.0,3,4697.0,306.0,2000,0,Nairobi
882,1883,80.0,11,36953.0,420.0,50000,0,Mombasa
883,1884,42.0,8,4182.0,748.0,5000,1,Nairobi
884,1885,55.0,10,53337.0,576.0,KES 2000,1,Mombasa
886,1887,24.0,14,22224.0,438.0,20000,0,Mombasa
887,1888,51.0,4,31995.0,377.0,5000,1,Nairobi
889,1890,60.0,4,21913.0,696.0,20000,0,Mombasa
891,1892,68.0,0,31017.0,822.0,50000,0,Mombasa
892,1893,71.0,7,26476.0,666.0,2000,0,Mombasa
893,1894,41.0,11,24131.5,718.0,20000,0,Mombasa
894,1895,42.0,7,16741.0,407.0,10000,0,Nairobi
895,1896,69.0,11,32249.0,470.0,KES 20000,0,Nairobi
896,1897,50.0,14,31461.0,213.0,2000,0,Mombasa
897,1898,66.0,14,14190.0,395.0,2000,1,Mombasa
898,1899,46.0,5,21714.0,599.0,5000,1,Mombasa
899,1900,80.0,11,4236.0,759.0,10000,1,Nairobi
900,1901,39.0,10,20790.0,279.0,2000,0,Nairobi
901,1902,43.0,12,4402.0,427.0,KES 50000,1,Mombasa
902,1903,45.0,3,24131.5,470.0,10000,0,Nairobi
903,1904,66.0,1,10046.0,221.0,10000,1,Mombasa
904,1905,66.0,13,12967.0,618.0,50000,0,Mombasa
905,1906,37.0,1,61995.0,355.0,KES 20000,1,Mombasa
907,1908,78.0,14,18349.0,410.0,50000,1,Mombasa
908,1909,66.0,4,31998.0,342.0,KES 20000,0,Nairobi
909,1910,18.0,3,3215.0,499.0,20000,1,Mombasa
910,1911,30.0,9,22204.0,457.0,20000,0,Nairobi
911,1912,68.0,12,29863.0,426.0,20000,1,Mombasa
912,1913,73.0,0,9548.0,354.0,20000,1,Nairobi
913,1914,79.0,6,6302.0,564.0,KES 50000,1,Mombasa
914,1915,49.0,2,43389.0,831.0,5000,0,Nairobi
915,1916,47.0,5,3377.0,528.0,5000,0,Mombasa
917,1918,66.0,4,8350.0,222.0,5000,0,Nairobi
918,1919,62.0,10,1606.0,532.0,5000,0,Mombasa
919,1920,47.0,4,53871.0,281.0,KES 50000,1,Mombasa
920,1921,33.0,0,40661.0,205.0,20000,0,Mombasa
921,1922,57.0,0,56978.0,352.0,KES 20000,1,Nairobi
922,1923,36.0,2,27744.0,738.0,50000,1,Nairobi
925,1926,64.0,9,24131.5,193.0,2000,0,Nairobi
927,1928,55.0,4,51483.0,560.0,10000,0,Mombasa
928,1929,68.0,1,16638.0,535.0,2000,1,Nairobi
929,1930,80.0,7,32292.0,131.0,2000,0,Mombasa
930,1931,21.0,10,30423.0,322.0,50000,0,Nairobi
931,1932,18.0,10,7721.0,487.0,KES 5000,0,Mombasa
932,1933,25.0,13,7915.0,607.0,20000,1,Nairobi
933,1934,46.0,1,40102.0,61.0,10000,0,Nairobi
934,1935,72.0,8,24131.5,468.0,2000,1,Mombasa
936,1937,49.0,12,11209.0,670.0,5000,0,Mombasa
937,1938,27.0,8,13552.0,639.0,5000,1,Nairobi
938,1939,51.0,6,33113.0,617.0,10000,1,Nairobi
939,1940,72.0,14,21483.0,340.0,20000,0,Nairobi
940,1941,49.0,7,18816.0,118.0,5000,0,Mombasa
941,1942,67.0,14,10247.0,421.0,10000,0,Nairobi
943,1944,25.0,1,11948.0,779.0,10000,0,Mombasa
944,1945,82.0,6,36482.0,642.0,10000,1,Nairobi
945,1946,74.0,11,24131.5,586.0,50000,1,Mombasa
946,1947,84.0,5,18646.0,576.0,5000,1,Mombasa
947,1948,76.0,3,36956.0,389.0,20000,1,Mombasa
948,1949,71.0,6,31185.0,474.0,20000,1,Mombasa
949,1950,84.0,13,32993.0,834.0,50000,0,Mombasa
950,1951,68.0,12,22353.0,311.0,20000,0,Nairobi
951,1952,25.0,3,8368.0,823.0,10000,1,Nairobi
952,1953,51.0,1,44739.0,436.0,50000,1,Nairobi
953,1954,52.0,9,24474.0,765.0,2000,0,Mombasa
954,1955,49.0,11,14324.0,219.0,5000,0,Mombasa
955,1956,63.0,6,13324.0,617.0,5000,1,Nairobi
956,1957,33.0,7,70200.0,353.0,5000,1,Mombasa
957,1958,54.0,1,21223.0,217.0,10000,0,Mombasa
958,1959,71.0,4,6500.0,544.0,2000,0,Mombasa
959,1960,31.0,0,55245.0,702.0,KES 50000,1,Nairobi
960,1961,72.0,6,18572.0,331.0,KES 50000,0,Mombasa
961,1962,65.0,7,15097.0,200.0,5000,0,Mombasa
963,1964,24.0,5,25414.0,483.0,2000,1,Mombasa
964,1965,50.0,4,46403.0,610.0,2000,1,Mombasa
965,1966,40.0,14,26107.0,690.0,20000,0,Mombasa
966,1967,36.0,5,16336.0,488.0,20000,1,Mombasa
968,1969,53.0,1,19604.0,545.0,KES 2000,1,Nairobi
970,1971,77.0,6,11382.0,178.0,50000,0,Nairobi
971,1972,19.0,6,24131.5,447.0,50000,0,Nairobi
972,1973,18.0,9,16703.0,433.0,5000,1,Nairobi
973,1974,64.0,10,31837.0,692.0,2000,1,Mombasa
974,1975,37.0,9,24131.5,592.0,5000,0,Nairobi
975,1976,28.0,13,42321.0,264.0,50000,1,Nairobi
976,1977,19.0,1,27271.0,534.0,50000,0,Nairobi
977,1978,84.0,1,68019.0,634.0,20000,0,Nairobi
978,1979,29.0,0,27765.0,806.0,5000,1,Nairobi
979,1980,37.0,9,36120.0,678.0,KES 5000,0,Mombasa
981,1982,54.0,14,8477.0,512.0,2000,0,Nairobi
982,1983,55.0,7,54435.0,578.0,20000,1,Nairobi
983,1984,26.0,0,31981.0,750.0,10000,0,Nairobi
984,1985,70.0,11,36817.0,233.0,10000,1,Mombasa
987,1988,47.0,8,9292.0,576.0,5000,0,Nairobi
989,1990,31.0,3,12243.0,381.0,5000,1,Nairobi
990,1991,26.0,0,7754.0,22.0,5000,1,Nairobi
991,1992,57.0,0,16982.0,418.0,5000,0,Nairobi
992,1993,83.0,2,8644.0,683.0,20000,1,Nairobi
997,1998,75.0,8,24131.5,603.0,20000,0,Nairobi
1000,1001,69.0,10,49953.0,640.0,50000,1,Nairobi
1002,1003,78.0,1,37600.0,849.0,KES 5000,1,Mombasa
1003,1004,38.0,4,24131.5,686.0,50000,1,Mombasa
1004,1005,41.0,9,24131.5,453.0,50000,1,Nairobi
1006,1007,39.0,8,59217.0,279.0,10000,0,Nairobi
1007,1008,70.0,5,20272.0,335.0,5000,1,Mombasa
1008,1009,19.0,1,7520.0,378.0,50000,0,Mombasa
1009,1010,47.0,0,4767.0,394.0,10000,0,Mombasa
1011,1012,19.0,8,19571.0,745.0,20000,0,Mombasa
1012,1013,81.0,5,28432.0,448.0,20000,1,Nairobi
1013,1014,77.0,9,13745.0,571.0,5000,1,Mombasa
1014,1015,38.0,11,13969.0,386.0,2000,0,Mombasa
1015,1016,50.0,6,17195.0,136.0,5000,1,Mombasa
1016,1017,75.0,4,24616.0,554.0,KES 5000,0,Mombasa
1017,1018,39.0,9,64735.0,118.0,2000,1,Nairobi
1018,1019,66.0,5,3701.0,486.0,2000,1,Mombasa
1019,1020,76.0,4,40615.0,226.0,10000,1,Nairobi
