Customer_ID,Age,Years_in_Business,Monthly_MPesa_Inflow,Airtime_Spend,Loan_Amount_Requested,Default_Status,Region
1001,69.0,10,49953.0,640.0,50000,1,mombasa
1002,32.0,5,20424.0,,KES 2000,0,Nairobi
1003,78.0,1,37600.0,849.0,KES 5000,1,nairobi
1004,38.0,4,,686.0,50000,1,nairobi
1005,41.0,9,,453.0,50000,1,nairobi
1006,20.0,3,5000000.0,,2000,1,NRB
1007,39.0,8,59217.0,279.0,10000,0,MSA
1008,70.0,5,20272.0,335.0,5000,1,nairobi
1009,19.0,1,7520.0,378.0,50000,0,Nairobi
1010,47.0,0,4767.0,394.0,10000,0,mombasa
1011,-25.0,4,5375.0,,5000,0,MSA
1012,19.0,8,19571.0,745.0,20000,0,MSA
1013,81.0,5,28432.0,448.0,20000,1,NRB
1014,77.0,9,13745.0,571.0,5000,1,Mombasa
1015,38.0,11,13969.0,386.0,2000,0,Nairobi
1016,50.0,6,17195.0,136.0,5000,1,Nairobi
1017,75.0,4,24616.0,554.0,KES 5000,0,MSA
1018,39.0,9,64735.0,118.0,2000,1,Mombasa
1019,66.0,5,3701.0,486.0,2000,1,nairobi
1020,76.0,4,40615.0,226.0,10000,1,nairobi
1021,59.0,10,37882.0,897.0,10000,0,Mombasa
1022,77.0,8,20419.0,682.0,2000,0,Nairobi
1023,32.0,14,33387.0,,20000,1,MSA
1024,,5,21518.0,753.0,20000,0,Mombasa
1025,79.0,10,37312.0,331.0,KES 5000,0,Mombasa
1026,,7,11647.0,609.0,50000,1,mombasa
1027,79.0,1,,540.0,5000,0,nairobi
1028,68.0,11,3245.0,553.0,5000,1,Nairobi
1029,72.0,12,33499.0,754.0,50000,1,Mombasa
1030,81.0,8,15042.0,,2000,1,nairobi
1031,20.0,4,5142.0,558.0,20000,0,NRB
1032,68.0,6,10536.0,169.0,5000,1,nairobi
1033,24.0,9,37261.0,308.0,KES 50000,1,nairobi
1034,,12,28238.0,475.0,10000,0,mombasa
1035,56.0,0,10888.0,519.0,5000,0,NRB
1036,,9,62999.0,274.0,20000,0,mombasa
1037,21.0,4,23573.0,982.0,2000,0,Nairobi
1038,77.0,11,35298.0,803.0,KES 5000,1,Nairobi
1039,31.0,13,27794.0,620.0,5000,0,Nairobi
1040,,9,,514.0,50000,0,nairobi
1041,70.0,13,33602.0,458.0,KES 10000,0,Nairobi
1042,19.0,1,54518.0,310.0,10000,0,mombasa
1043,77.0,11,19614.0,,2000,1,nairobi
1044,61.0,5,42440.0,552.0,20000,0,MSA
1045,25.0,10,13736.0,252.0,2000,1,mombasa
1046,64.0,0,79383.0,,5000,0,mombasa
1047,52.0,2,12147.0,469.0,5000,1,mombasa
1048,53.0,4,97470.0,118.0,KES 10000,1,mombasa
1049,67.0,3,7875.0,328.0,20000,0,mombasa
1050,21.0,2,18751.0,417.0,50000,1,Nairobi
1051,19.0,9,34851.0,878.0,20000,0,NRB
1052,23.0,12,57002.0,,5000,1,mombasa
1053,71.0,4,71455.0,233.0,50000,1,Mombasa
1054,21.0,10,65251.0,597.0,20000,1,Nairobi
1055,71.0,7,,191.0,20000,0,nairobi
1056,80.0,10,12828.0,717.0,50000,1,MSA
1057,35.0,3,49075.0,406.0,5000,0,NRB
1058,61.0,0,53054.0,481.0,20000,1,Mombasa
1059,51.0,10,31332.0,765.0,50000,1,Nairobi
1060,79.0,6,16017.0,243.0,5000,1,nairobi
1061,31.0,7,9168.0,221.0,50000,1,MSA
1062,65.0,2,13601.0,383.0,50000,1,nairobi
1063,32.0,5,12994.0,708.0,20000,1,Mombasa
1064,79.0,1,,196.0,5000,0,nairobi
1065,57.0,6,50754.0,,20000,0,Mombasa
1066,,14,27161.0,410.0,2000,0,nairobi
1067,41.0,7,8474.0,610.0,2000,1,Nairobi
1068,43.0,5,41018.0,740.0,5000,0,NRB
1069,77.0,5,84814.0,407.0,50000,1,nairobi
1070,58.0,4,26914.0,418.0,20000,0,Nairobi
1071,46.0,7,13997.0,731.0,20000,0,NRB
1072,32.0,0,10304.0,126.0,KES 5000,1,Mombasa
1073,62.0,9,39277.0,422.0,5000,1,Mombasa
1074,82.0,3,69909.0,538.0,2000,0,nairobi
1075,,14,19517.0,590.0,KES 10000,0,NRB
1076,18.0,3,16021.0,398.0,5000,0,mombasa
1077,25.0,2,26440.0,507.0,10000,0,MSA
1078,80.0,2,43353.0,2.0,5000,1,NRB
1079,28.0,3,13118.0,368.0,50000,0,NRB
1080,25.0,10,29623.0,591.0,50000,1,Mombasa
1081,52.0,0,36079.0,304.0,2000,1,Mombasa
1082,52.0,13,38059.0,512.0,2000,0,Nairobi
1083,50.0,10,9471.0,589.0,10000,1,NRB
1084,22.0,12,11425.0,431.0,5000,0,NRB
1085,58.0,10,26727.0,534.0,20000,1,MSA
1086,45.0,1,41372.0,307.0,2000,1,MSA
1087,24.0,8,,459.0,KES 20000,0,nairobi
1088,29.0,9,8867.0,622.0,KES 20000,1,mombasa
1089,51.0,1,30189.0,531.0,5000,1,Mombasa
1090,50.0,4,24970.0,383.0,10000,0,NRB
1091,65.0,8,17432.0,545.0,5000,1,NRB
1092,40.0,8,55069.0,643.0,2000,1,Nairobi
1093,79.0,7,37702.0,90.0,KES 20000,0,mombasa
1094,54.0,0,38501.0,,5000,0,NRB
1095,61.0,0,8330.0,433.0,5000,1,Nairobi
1096,52.0,8,18768.0,585.0,KES 5000,1,mombasa
1097,82.0,12,,739.0,KES 2000,1,Mombasa
1098,,10,28449.0,,10000,0,Nairobi
1099,20.0,7,109555.0,358.0,KES 5000,1,Mombasa
1100,18.0,9,19627.0,442.0,KES 2000,1,nairobi
1101,22.0,8,1052.0,343.0,20000,1,Mombasa
1102,31.0,6,,,50000,1,nairobi
1103,44.0,2,36178.0,329.0,2000,1,MSA
1104,26.0,2,26060.0,389.0,KES 50000,1,nairobi
1105,32.0,1,411.0,541.0,5000,0,NRB
1106,59.0,4,31120.0,260.0,5000,0,mombasa
1107,68.0,11,36986.0,421.0,KES 2000,1,mombasa
1108,80.0,11,7481.0,563.0,KES 50000,1,NRB
1109,69.0,2,13895.0,433.0,5000,0,Mombasa
1110,21.0,13,23806.0,481.0,KES 20000,0,Nairobi
1111,40.0,5,15596.0,,KES 10000,0,mombasa
1112,32.0,1,17857.0,197.0,KES 10000,1,Mombasa
1113,60.0,11,31326.0,564.0,5000,1,NRB
1114,46.0,2,14705.0,851.0,50000,1,MSA
1115,53.0,4,5505.0,504.0,5000,1,MSA
1116,30.0,11,47159.0,545.0,50000,0,nairobi
1117,49.0,10,9743.0,639.0,20000,0,Mombasa
1118,76.0,10,21168.0,,50000,0,NRB
1119,45.0,0,16410.0,841.0,5000,0,Nairobi
1120,83.0,12,,540.0,20000,1,MSA
1121,59.0,0,46167.0,826.0,KES 2000,1,Mombasa
1122,62.0,9,42855.0,353.0,10000,0,MSA
1123,79.0,8,18158.0,864.0,5000,0,Mombasa
1124,74.0,6,,655.0,5000,0,Nairobi
1125,23.0,0,27168.0,611.0,5000,0,Nairobi
1126,45.0,14,8992.0,547.0,20000,0,NRB
1127,45.0,11,10268.0,450.0,2000,1,nairobi
1128,61.0,13,24406.0,740.0,KES 50000,1,Nairobi
1129,47.0,7,8283.0,528.0,2000,0,mombasa
1130,79.0,2,24232.0,107.0,20000,0,mombasa
1131,79.0,7,1666.0,277.0,5000,0,Mombasa
1132,18.0,14,17336.0,463.0,10000,1,nairobi
1133,44.0,4,30933.0,562.0,5000,1,MSA
1134,79.0,0,29229.0,489.0,KES 50000,1,mombasa
1135,20.0,6,,744.0,10000,0,Nairobi
1136,44.0,4,8971.0,110.0,5000,1,Nairobi
1137,26.0,5,,529.0,10000,0,NRB
1138,79.0,5,47423.0,136.0,2000,1,MSA
1139,54.0,7,30747.0,652.0,20000,1,Mombasa
1140,,8,43898.0,481.0,5000,1,mombasa
1141,61.0,1,8299.0,584.0,50000,0,NRB
1142,41.0,8,,327.0,2000,0,Mombasa
1143,,11,,756.0,5000,1,nairobi
1144,49.0,14,26785.0,708.0,2000,0,MSA
1145,69.0,10,12457.0,617.0,50000,0,nairobi
1146,79.0,9,59529.0,474.0,5000,0,nairobi
1147,75.0,8,40623.0,616.0,50000,0,Nairobi
1148,69.0,12,54792.0,359.0,10000,0,NRB
1149,29.0,9,30880.0,671.0,50000,0,mombasa
1150,56.0,14,13645.0,830.0,10000,0,NRB
1151,19.0,9,,714.0,KES 5000,1,mombasa
1152,20.0,6,59956.0,,10000,0,Nairobi
1153,,0,30850.0,,5000,0,nairobi
1154,76.0,6,11018.0,241.0,5000,1,MSA
1155,19.0,9,15319.0,614.0,20000,1,nairobi
1156,19.0,4,25755.0,590.0,5000,1,Mombasa
1157,71.0,5,,,10000,1,Mombasa
1158,18.0,9,78536.0,268.0,20000,0,MSA
1159,36.0,6,11844.0,443.0,20000,1,NRB
1160,19.0,13,,440.0,5000,1,mombasa
1161,70.0,14,15160.0,258.0,50000,0,NRB
1162,,4,7491.0,578.0,50000,0,Mombasa
1163,49.0,6,37983.0,550.0,20000,0,MSA
1164,49.0,8,27971.0,461.0,5000,1,Nairobi
1165,72.0,2,29301.0,349.0,50000,0,NRB
1166,73.0,7,21947.0,710.0,5000,1,Nairobi
1167,34.0,1,31364.0,831.0,5000,0,MSA
1168,55.0,10,30511.0,403.0,KES 20000,0,mombasa
1169,41.0,6,44980.0,378.0,20000,1,MSA
1170,28.0,12,12322.0,598.0,2000,0,Nairobi
1171,33.0,1,46458.0,428.0,50000,0,MSA
1172,76.0,14,42090.0,472.0,50000,0,mombasa
1173,20.0,13,,648.0,50000,0,Mombasa
1174,37.0,3,25592.0,118.0,10000,0,NRB
1175,76.0,6,23217.0,764.0,5000,1,Mombasa
1176,53.0,2,23373.0,515.0,20000,1,Mombasa
1177,36.0,1,25595.0,,50000,0,Nairobi
1178,84.0,10,5809.0,,2000,1,Nairobi
1179,36.0,9,,492.0,50000,1,Nairobi
1180,37.0,6,52144.0,154.0,5000,1,Nairobi
1181,69.0,0,79040.0,799.0,5000,0,Mombasa
1182,,13,39123.0,508.0,KES 20000,0,nairobi
1183,57.0,14,,589.0,KES 10000,0,Mombasa
1184,56.0,7,35448.0,690.0,20000,1,MSA
1185,18.0,2,,296.0,50000,1,nairobi
1186,28.0,11,11006.0,595.0,2000,0,NRB
1187,74.0,11,59156.0,446.0,20000,0,MSA
1188,67.0,12,17674.0,669.0,10000,1,nairobi
1189,40.0,1,,75.0,KES 20000,1,MSA
1190,,2,64776.0,480.0,5000,0,nairobi
1191,59.0,4,30779.0,379.0,50000,1,MSA
1192,24.0,10,65080.0,586.0,KES 50000,1,Nairobi
1193,,7,6123.0,594.0,50000,1,mombasa
1194,77.0,9,9113.0,358.0,KES 50000,1,NRB
1195,19.0,6,12279.0,358.0,50000,1,MSA
1196,18.0,6,4422.0,478.0,50000,1,Mombasa
1197,65.0,11,65167.0,321.0,2000,1,Mombasa
1198,29.0,6,55077.0,668.0,KES 10000,0,NRB
1199,54.0,14,15465.0,426.0,50000,0,Nairobi
1200,49.0,7,97065.0,-81.0,KES 10000,1,NRB
1201,26.0,0,19695.0,,KES 50000,1,NRB
1202,,3,81142.0,292.0,KES 20000,1,NRB
1203,65.0,12,82220.0,,KES 50000,0,Nairobi
1204,20.0,5,14748.0,253.0,5000,0,Mombasa
1205,37.0,8,44702.0,522.0,2000,1,Mombasa
1206,41.0,12,,766.0,20000,0,Nairobi
1207,71.0,1,,563.0,KES 20000,1,nairobi
1208,50.0,0,572.0,379.0,5000,1,MSA
1209,41.0,12,43939.0,,KES 50000,1,Mombasa
1210,53.0,9,11968.0,408.0,2000,1,nairobi
1211,55.0,11,22471.0,361.0,20000,1,mombasa
1212,42.0,13,28860.0,269.0,2000,1,MSA
1213,35.0,1,37915.0,,20000,1,nairobi
1214,83.0,6,18823.0,,50000,0,nairobi
1215,71.0,2,30417.0,532.0,20000,1,mombasa
1216,52.0,9,56136.0,481.0,20000,0,MSA
1217,78.0,1,3121.0,417.0,10000,1,Nairobi
1218,58.0,13,6423.0,311.0,50000,1,mombasa
1219,50.0,10,8456.0,622.0,5000,0,NRB
1220,50.0,6,16109.0,237.0,5000,0,mombasa
1221,31.0,12,43112.0,655.0,50000,1,Mombasa
1222,38.0,12,,300.0,5000,0,nairobi
1223,65.0,1,21412.0,350.0,50000,1,Nairobi
1224,37.0,2,21461.0,207.0,5000,1,NRB
1225,25.0,10,62751.0,400.0,10000,0,NRB
1226,24.0,6,29198.0,695.0,5000,0,MSA
1227,84.0,13,18364.0,603.0,20000,0,nairobi
1228,34.0,3,46797.0,696.0,50000,0,mombasa
1229,50.0,12,43298.0,604.0,2000,1,nairobi
1230,65.0,13,33463.0,279.0,2000,0,MSA
1231,76.0,0,15458.0,,KES 50000,0,Mombasa
1232,39.0,12,10459.0,344.0,10000,0,NRB
1233,47.0,13,11394.0,766.0,5000,0,Nairobi
1234,55.0,4,12003.0,261.0,10000,0,Mombasa
1235,68.0,11,11049.0,679.0,2000,1,NRB
1236,,8,16134.0,679.0,50000,1,MSA
1237,25.0,7,,,50000,0,NRB
1238,44.0,11,27020.0,418.0,10000,0,Mombasa
1239,44.0,14,8871.0,642.0,KES 10000,1,Mombasa
1240,38.0,8,30096.0,956.0,5000,0,NRB
1241,47.0,9,26730.0,376.0,KES 20000,1,MSA
1242,45.0,13,22938.0,,20000,1,Nairobi
1243,81.0,8,,124.0,5000,0,NRB
1244,78.0,14,9073.0,643.0,20000,1,Mombasa
1245,65.0,6,37667.0,123.0,2000,0,nairobi
1246,36.0,3,26581.0,426.0,KES 20000,0,MSA
1247,21.0,4,,,5000,1,mombasa
1248,52.0,0,17613.0,,20000,1,MSA
1249,81.0,13,15907.0,585.0,50000,0,NRB
1250,66.0,0,50334.0,544.0,10000,1,mombasa
1251,34.0,2,,756.0,2000,0,MSA
1252,61.0,12,28067.0,310.0,50000,1,mombasa
1253,47.0,13,23433.0,365.0,50000,1,Mombasa
1254,63.0,7,12137.0,345.0,5000,0,Mombasa
1255,23.0,13,17284.0,666.0,KES 10000,0,Nairobi
1256,,1,87619.0,680.0,10000,0,Nairobi
1257,41.0,3,13608.0,590.0,KES 2000,1,Mombasa
1258,63.0,1,26456.0,737.0,5000,0,Nairobi
1259,70.0,13,14444.0,264.0,2000,0,nairobi
1260,77.0,4,23877.0,833.0,20000,1,MSA
1261,80.0,8,13630.0,805.0,50000,1,nairobi
1262,49.0,0,16361.0,647.0,2000,0,mombasa
1263,50.0,4,6151.0,856.0,KES 50000,0,nairobi
1264,84.0,13,26885.0,169.0,5000,0,Nairobi
1265,35.0,14,,395.0,20000,0,nairobi
1266,42.0,8,36269.0,353.0,5000,1,MSA
1267,71.0,14,23836.0,644.0,20000,1,nairobi
1268,75.0,0,13286.0,290.0,20000,0,mombasa
1269,84.0,8,,651.0,50000,0,nairobi
1270,63.0,7,24896.0,774.0,KES 5000,0,Mombasa
1271,41.0,3,59898.0,639.0,5000,1,MSA
1272,,11,15533.0,557.0,2000,0,Nairobi
1273,64.0,10,3665.0,302.0,5000,0,MSA
1274,40.0,9,,331.0,2000,1,NRB
1275,83.0,4,55789.0,750.0,10000,1,mombasa
1276,44.0,12,36901.0,656.0,KES 10000,0,Mombasa
1277,19.0,4,8043.0,492.0,10000,0,MSA
1278,34.0,10,27350.0,416.0,5000,1,MSA
1279,50.0,11,44872.0,95.0,5000,0,MSA
1280,26.0,5,17598.0,286.0,2000,0,nairobi
1281,60.0,6,15840.0,882.0,20000,1,Nairobi
1282,65.0,7,16284.0,244.0,2000,1,Mombasa
1283,56.0,14,,,10000,1,nairobi
1284,59.0,13,8563.0,701.0,2000,0,nairobi
1285,43.0,7,28895.0,,20000,1,nairobi
1286,67.0,10,29969.0,537.0,5000,1,mombasa
1287,42.0,13,30492.0,,2000,0,Nairobi
1288,41.0,12,24138.0,502.0,10000,0,NRB
1289,30.0,1,8320.0,1074.0,10000,1,MSA
1290,,8,20376.0,166.0,5000,1,NRB
1291,24.0,6,,712.0,2000,0,Nairobi
1292,74.0,3,29592.0,465.0,20000,0,nairobi
1293,53.0,3,12422.0,654.0,5000,1,NRB
1294,62.0,10,38420.0,588.0,2000,1,Mombasa
1295,37.0,7,78894.0,353.0,KES 50000,0,Mombasa
1296,82.0,3,32427.0,546.0,10000,1,mombasa
1297,25.0,12,21932.0,128.0,KES 20000,0,nairobi
1298,33.0,14,59776.0,621.0,20000,1,Nairobi
1299,31.0,5,16538.0,560.0,KES 20000,0,NRB
1300,32.0,4,49571.0,628.0,10000,0,MSA
1301,83.0,2,15573.0,712.0,2000,1,NRB
1302,49.0,12,17860.0,574.0,5000,1,MSA
1303,80.0,13,42894.0,530.0,KES 2000,0,mombasa
1304,68.0,9,58099.0,,KES 5000,1,nairobi
1305,42.0,10,23058.0,358.0,20000,1,nairobi
1306,75.0,1,57021.0,737.0,KES 2000,1,nairobi
1307,80.0,8,32928.0,787.0,20000,0,Mombasa
1308,79.0,9,12609.0,452.0,50000,1,MSA
1309,39.0,8,,,20000,1,Mombasa
1310,75.0,0,36589.0,319.0,20000,0,nairobi
1311,75.0,9,62229.0,735.0,5000,1,Mombasa
1312,,2,50181.0,633.0,50000,1,mombasa
1313,69.0,7,50680.0,888.0,KES 20000,0,mombasa
1314,59.0,5,7188.0,,20000,0,mombasa
1315,,4,41794.0,424.0,50000,1,MSA
1316,71.0,4,40281.0,546.0,KES 50000,1,mombasa
1317,77.0,5,,629.0,2000,0,Mombasa
1318,,14,39828.0,457.0,5000,0,NRB
1319,,6,4386.0,325.0,50000,1,NRB
1320,77.0,0,1749.0,676.0,50000,1,NRB
1321,22.0,8,30225.0,644.0,KES 10000,1,NRB
1322,23.0,2,23791.0,317.0,KES 50000,0,mombasa
1323,64.0,3,20945.0,771.0,5000,1,nairobi
1324,72.0,9,34087.0,734.0,KES 20000,0,mombasa
1325,57.0,0,28990.0,527.0,20000,0,nairobi
1326,69.0,12,31654.0,516.0,20000,0,NRB
1327,33.0,10,46459.0,611.0,20000,1,MSA
1328,30.0,9,16124.0,328.0,10000,1,Nairobi
1329,47.0,2,32168.0,506.0,50000,1,NRB
1330,36.0,1,14464.0,70.0,KES 20000,0,MSA
1331,34.0,1,3380.0,675.0,2000,1,Mombasa
1332,80.0,13,19690.0,188.0,20000,0,Nairobi
1333,,0,51347.0,801.0,KES 50000,0,Nairobi
1334,75.0,7,11724.0,,20000,0,NRB
1335,72.0,2,34245.0,458.0,KES 10000,0,nairobi
1336,79.0,2,46767.0,374.0,5000,0,NRB
1337,40.0,5,42086.0,,5000,0,nairobi
1338,26.0,12,,784.0,50000,1,nairobi
1339,29.0,7,13312.0,2.0,5000,0,MSA
1340,18.0,12,25705.0,755.0,5000,1,NRB
1341,75.0,14,30494.0,568.0,KES 2000,0,Nairobi
1342,18.0,8,39605.0,259.0,50000,1,Nairobi
1343,,8,39905.0,285.0,KES 50000,1,MSA
1344,65.0,3,121512.0,835.0,5000,1,mombasa
1345,18.0,13,65787.0,311.0,5000,1,Nairobi
1346,33.0,4,,269.0,KES 5000,0,Mombasa
1347,,1,91941.0,727.0,KES 10000,0,nairobi
1348,81.0,10,9047.0,568.0,KES 20000,0,Nairobi
1349,80.0,8,10052.0,312.0,10000,0,Nairobi
1350,39.0,7,43431.0,543.0,KES 50000,1,mombasa
1351,84.0,2,20353.0,295.0,2000,1,Nairobi
1352,43.0,10,65973.0,720.0,20000,1,mombasa
1353,33.0,11,38800.0,712.0,2000,0,Nairobi
1354,68.0,12,23012.0,606.0,50000,1,mombasa
1355,74.0,8,21597.0,,KES 50000,0,Nairobi
1356,46.0,2,20974.0,852.0,2000,1,nairobi
1357,64.0,8,2531.0,500.0,2000,1,Nairobi
1358,79.0,1,11373.0,264.0,KES 2000,1,NRB
1359,33.0,11,14148.0,590.0,KES 50000,1,NRB
1360,,9,52430.0,,5000,1,nairobi
1361,56.0,8,15401.0,297.0,2000,0,MSA
1362,50.0,14,33042.0,428.0,20000,1,nairobi
1363,40.0,7,21665.0,583.0,50000,0,NRB
1364,27.0,8,,489.0,KES 10000,0,Nairobi
1365,51.0,4,,304.0,10000,0,Mombasa
1366,69.0,10,24642.0,724.0,KES 20000,0,Mombasa
1367,27.0,10,,964.0,KES 5000,0,Nairobi
1368,36.0,1,,539.0,2000,0,nairobi
1369,75.0,7,14368.0,319.0,50000,0,mombasa
1370,18.0,11,44802.0,190.0,2000,0,Nairobi
1371,,14,21648.0,,50000,1,NRB
1372,33.0,5,47420.0,721.0,10000,1,nairobi
1373,41.0,7,15899.0,595.0,2000,0,NRB
1374,19.0,10,27912.0,500.0,20000,0,NRB
1375,49.0,4,14885.0,382.0,5000,0,Nairobi
1376,41.0,9,12098.0,282.0,20000,1,Nairobi
1377,29.0,1,1982.0,667.0,5000,1,NRB
1378,,5,67550.0,683.0,KES 2000,0,mombasa
1379,52.0,4,16647.0,191.0,2000,0,nairobi
1380,50.0,11,36281.0,818.0,KES 5000,1,Mombasa
1381,50.0,12,21880.0,615.0,KES 10000,1,mombasa
1382,78.0,11,55394.0,780.0,50000,0,nairobi
1383,68.0,4,4211.0,232.0,20000,0,nairobi
1384,60.0,12,29221.0,227.0,20000,0,MSA
1385,29.0,0,42765.0,470.0,20000,0,nairobi
1386,84.0,1,26147.0,,KES 2000,1,Nairobi
1387,82.0,7,13173.0,,KES 20000,1,nairobi
1388,50.0,12,4433.0,,50000,0,mombasa
1389,57.0,13,14467.0,451.0,50000,0,MSA
1390,60.0,12,3015.0,295.0,5000,0,MSA
1391,61.0,2,42041.0,746.0,KES 2000,1,Nairobi
1392,46.0,9,35275.0,307.0,KES 50000,0,MSA
1393,30.0,2,45210.0,826.0,10000,0,MSA
1394,29.0,7,10815.0,443.0,2000,0,Nairobi
1395,63.0,7,9230.0,818.0,2000,1,nairobi
1396,19.0,1,36684.0,636.0,50000,0,mombasa
1397,52.0,7,,473.0,10000,1,NRB
1398,25.0,10,3727.0,396.0,KES 5000,0,Nairobi
1399,43.0,12,13836.0,,KES 50000,0,MSA
1400,51.0,12,69993.0,586.0,10000,0,Mombasa
1401,24.0,0,43339.0,515.0,2000,1,MSA
1402,75.0,5,20409.0,381.0,KES 10000,0,mombasa
1403,46.0,7,8086.0,467.0,2000,0,MSA
1404,53.0,2,10589.0,516.0,50000,1,NRB
1405,38.0,7,17561.0,74.0,50000,1,MSA
1406,53.0,11,6409.0,592.0,20000,1,Nairobi
1407,27.0,0,56625.0,,KES 20000,0,Mombasa
1408,41.0,10,53254.0,,20000,1,Mombasa
1409,81.0,10,8372.0,163.0,50000,0,Mombasa
1410,66.0,8,,141.0,5000,1,Nairobi
1411,53.0,12,17077.0,229.0,50000,1,Nairobi
1412,41.0,10,25107.0,,KES 10000,1,Nairobi
1413,40.0,12,16873.0,891.0,KES 50000,0,MSA
1414,79.0,8,9194.0,395.0,50000,0,nairobi
1415,54.0,4,18628.0,536.0,2000,0,mombasa
1416,29.0,9,,580.0,2000,0,Nairobi
1417,72.0,3,18737.0,526.0,KES 2000,0,mombasa
1418,30.0,14,23234.0,485.0,50000,0,mombasa
1419,40.0,10,29702.0,261.0,5000,0,mombasa
1420,47.0,5,5467.0,790.0,10000,0,Mombasa
1421,34.0,11,5851.0,,10000,0,NRB
1422,79.0,6,28720.0,,5000,1,nairobi
1423,30.0,4,8402.0,295.0,KES 5000,1,nairobi
1424,,10,20992.0,444.0,10000,0,mombasa
1425,36.0,12,57108.0,307.0,20000,0,Mombasa
1426,66.0,9,7665.0,601.0,2000,0,mombasa
1427,29.0,8,11711.0,354.0,2000,0,NRB
1428,78.0,2,48622.0,933.0,10000,1,mombasa
1429,36.0,14,3698.0,738.0,5000,1,Nairobi
1430,26.0,6,,543.0,20000,0,Nairobi
1431,45.0,9,31088.0,705.0,KES 10000,1,NRB
1432,,9,46776.0,721.0,2000,1,MSA
1433,33.0,10,17291.0,387.0,50000,0,Mombasa
1434,29.0,4,7539.0,337.0,5000,0,Mombasa
1435,42.0,13,29962.0,516.0,50000,0,Mombasa
1436,69.0,6,30510.0,672.0,KES 10000,0,NRB
1437,,14,77290.0,528.0,KES 2000,1,nairobi
1438,40.0,1,18628.0,185.0,KES 20000,0,MSA
1439,33.0,3,30826.0,339.0,50000,1,Mombasa
1440,,1,22664.0,485.0,20000,0,MSA
1441,56.0,13,8474.0,485.0,2000,1,mombasa
1442,70.0,12,30276.0,895.0,50000,0,nairobi
1443,59.0,12,51216.0,223.0,20000,0,Mombasa
1444,75.0,11,39549.0,601.0,20000,1,Nairobi
1445,56.0,6,13421.0,798.0,KES 50000,1,NRB
1446,31.0,1,20132.0,954.0,2000,1,NRB
1447,22.0,12,55981.0,419.0,20000,0,Mombasa
1448,52.0,13,19027.0,598.0,10000,1,MSA
1449,35.0,10,55053.0,614.0,50000,1,Nairobi
1450,,0,21246.0,539.0,5000,1,Nairobi
1451,75.0,8,22471.0,480.0,5000,1,Nairobi
1452,,0,49905.0,587.0,KES 2000,1,MSA
1453,24.0,7,85275.0,-6.0,10000,1,mombasa
1454,63.0,14,20610.0,636.0,20000,1,mombasa
1455,30.0,1,17872.0,525.0,KES 5000,1,MSA
1456,,11,13144.0,456.0,2000,1,mombasa
1457,59.0,7,11372.0,909.0,10000,0,mombasa
1458,26.0,12,13956.0,365.0,10000,0,mombasa
1459,67.0,2,,419.0,2000,1,NRB
1460,44.0,5,45528.0,,2000,0,Mombasa
1461,83.0,2,,,20000,0,Mombasa
1462,,13,41577.0,390.0,2000,1,NRB
1463,46.0,6,41075.0,471.0,KES 20000,1,Mombasa
1464,54.0,9,55601.0,668.0,20000,1,nairobi
1465,55.0,8,,542.0,50000,1,MSA
1466,25.0,1,29330.0,241.0,10000,1,Nairobi
1467,82.0,14,4790.0,394.0,10000,1,nairobi
1468,34.0,11,4839.0,379.0,10000,0,MSA
1469,62.0,11,27125.0,485.0,50000,1,Nairobi
1470,21.0,14,22480.0,585.0,20000,0,nairobi
1471,53.0,13,25589.0,584.0,20000,1,MSA
1472,48.0,4,38735.0,145.0,2000,1,mombasa
1473,36.0,12,65087.0,713.0,50000,0,mombasa
1474,78.0,5,25060.0,551.0,2000,1,Mombasa
1475,71.0,3,22004.0,777.0,50000,1,Mombasa
1476,56.0,3,13623.0,589.0,2000,0,Mombasa
1477,,3,46000.0,,5000,1,mombasa
1478,56.0,1,14678.0,593.0,10000,0,NRB
1479,84.0,3,19987.0,769.0,10000,1,mombasa
1480,62.0,10,39380.0,,KES 20000,1,MSA
1481,30.0,0,26559.0,480.0,5000,0,Nairobi
1482,75.0,11,,954.0,10000,1,MSA
1483,37.0,5,11833.0,678.0,KES 20000,0,nairobi
1484,78.0,0,32065.0,615.0,5000,0,MSA
1485,56.0,9,95791.0,245.0,10000,0,Nairobi
1486,18.0,5,7413.0,242.0,2000,1,MSA
1487,20.0,0,9123.0,559.0,50000,1,MSA
1488,79.0,5,43412.0,529.0,5000,0,NRB
1489,,9,29867.0,377.0,20000,1,mombasa
1490,42.0,7,62011.0,528.0,5000,1,NRB
1491,73.0,10,13249.0,818.0,KES 20000,1,nairobi
1492,50.0,1,46496.0,639.0,5000,0,Nairobi
1493,55.0,1,32070.0,272.0,20000,1,nairobi
1494,,13,10775.0,478.0,10000,0,Mombasa
1495,75.0,14,14729.0,339.0,2000,1,Mombasa
1496,61.0,12,,422.0,10000,1,Nairobi
1497,62.0,11,11789.0,417.0,2000,0,nairobi
1498,49.0,3,53745.0,404.0,10000,1,Nairobi
1499,62.0,10,41932.0,249.0,10000,0,nairobi
1500,78.0,2,16688.0,474.0,5000,1,NRB
1501,64.0,3,22035.0,388.0,50000,0,Mombasa
1502,38.0,12,48127.0,-86.0,20000,1,Nairobi
1503,53.0,11,23752.0,911.0,20000,1,Mombasa
1504,36.0,6,86360.0,718.0,20000,1,mombasa
1505,,12,36538.0,425.0,2000,0,Mombasa
1506,,10,,,KES 20000,0,nairobi
1507,35.0,0,9626.0,,20000,0,Mombasa
1508,,5,51610.0,839.0,KES 5000,1,MSA
1509,66.0,14,17440.0,879.0,10000,0,mombasa
1510,31.0,14,27806.0,531.0,KES 20000,0,mombasa
1511,32.0,2,25329.0,705.0,50000,0,MSA
1512,48.0,10,6472.0,535.0,20000,0,nairobi
1513,18.0,9,6379.0,233.0,2000,0,NRB
1514,71.0,6,57356.0,418.0,2000,0,NRB
1515,20.0,9,19300.0,526.0,2000,0,MSA
1516,33.0,1,18488.0,409.0,20000,0,MSA
1517,74.0,13,91877.0,456.0,5000,0,nairobi
1518,29.0,1,48910.0,482.0,50000,0,Nairobi
1519,33.0,12,70634.0,484.0,20000,1,nairobi
1520,41.0,3,58696.0,510.0,5000,1,Mombasa
1521,45.0,0,44197.0,288.0,5000,0,mombasa
1522,25.0,2,68555.0,357.0,KES 20000,1,mombasa
1523,53.0,12,12964.0,243.0,20000,1,Mombasa
1524,25.0,8,11555.0,696.0,5000,0,mombasa
1525,75.0,6,,79.0,5000,0,nairobi
1526,,14,4153.0,731.0,5000,0,Nairobi
1527,67.0,6,27376.0,777.0,20000,1,mombasa
1528,45.0,12,5568.0,440.0,5000,0,nairobi
1529,58.0,12,,-21.0,2000,1,NRB
1530,81.0,10,21011.0,428.0,20000,0,nairobi
1531,44.0,3,809.0,487.0,2000,1,mombasa
1532,80.0,1,,,10000,1,nairobi
1533,34.0,14,,397.0,20000,0,MSA
1534,50.0,13,87972.0,806.0,10000,0,Mombasa
1535,46.0,3,29427.0,633.0,5000,1,Nairobi
1536,30.0,5,27412.0,315.0,5000,1,mombasa
1537,63.0,10,68538.0,180.0,KES 50000,0,nairobi
1538,52.0,10,20674.0,435.0,5000,0,NRB
1539,23.0,2,28910.0,457.0,10000,1,NRB
1540,64.0,0,,599.0,KES 5000,0,mombasa
1541,42.0,13,13205.0,393.0,KES 20000,1,mombasa
1542,83.0,11,,602.0,5000,0,Nairobi
1543,27.0,7,6899.0,887.0,50000,0,Nairobi
1544,73.0,11,,663.0,KES 5000,0,NRB
1545,47.0,12,40534.0,490.0,10000,1,Mombasa
1546,22.0,4,18092.0,463.0,10000,0,MSA
1547,50.0,14,,429.0,5000,1,NRB
1548,82.0,4,,736.0,10000,0,Nairobi
1549,35.0,10,22974.0,375.0,10000,1,Mombasa
1550,66.0,3,36910.0,509.0,50000,1,Mombasa
1551,28.0,5,26013.0,510.0,20000,0,NRB
1552,43.0,2,14245.0,400.0,50000,1,Nairobi
1553,,8,15118.0,226.0,2000,1,MSA
1554,76.0,4,33415.0,565.0,50000,1,mombasa
1555,44.0,2,63559.0,488.0,5000,1,MSA
1556,66.0,10,7346.0,600.0,KES 20000,0,MSA
1557,50.0,0,,393.0,5000,0,NRB
1558,18.0,9,39515.0,744.0,KES 2000,0,Nairobi
1559,38.0,11,20690.0,,20000,1,Nairobi
1560,72.0,5,31952.0,842.0,10000,1,Nairobi
1561,23.0,14,39029.0,150.0,50000,0,NRB
1562,,1,9285.0,587.0,5000,0,nairobi
1563,20.0,12,22102.0,595.0,2000,1,nairobi
1564,70.0,2,25074.0,341.0,10000,0,nairobi
1565,,0,4880.0,585.0,KES 50000,0,mombasa
1566,70.0,8,45093.0,756.0,KES 10000,1,mombasa
1567,54.0,7,14846.0,57.0,KES 50000,0,mombasa
1568,34.0,11,15596.0,601.0,20000,1,nairobi
1569,18.0,1,23426.0,1.0,KES 10000,0,MSA
1570,68.0,14,34714.0,307.0,10000,1,Nairobi
1571,62.0,11,,826.0,10000,1,NRB
1572,21.0,10,25940.0,384.0,20000,1,mombasa
1573,79.0,7,31992.0,265.0,2000,1,Nairobi
1574,82.0,11,13532.0,460.0,50000,1,mombasa
1575,49.0,13,28166.0,914.0,10000,0,MSA
1576,,8,37202.0,134.0,20000,0,nairobi
1577,56.0,0,15350.0,290.0,2000,0,mombasa
1578,43.0,12,25520.0,799.0,KES 50000,1,Mombasa
1579,51.0,4,37796.0,,20000,0,mombasa
1580,71.0,7,23392.0,479.0,50000,1,mombasa
1581,20.0,14,7825.0,,10000,1,Nairobi
1582,67.0,10,62822.0,,2000,0,NRB
1583,29.0,13,55364.0,819.0,20000,1,MSA
1584,82.0,1,24877.0,636.0,2000,0,nairobi
1585,71.0,3,69097.0,338.0,KES 10000,1,nairobi
1586,22.0,6,38991.0,490.0,2000,1,Mombasa
1587,74.0,2,21194.0,468.0,2000,0,NRB
1588,34.0,12,13803.0,566.0,5000,1,nairobi
1589,64.0,11,9334.0,790.0,KES 2000,0,Nairobi
1590,40.0,4,22138.0,676.0,KES 50000,1,NRB
1591,31.0,7,11620.0,285.0,20000,0,mombasa
1592,83.0,11,,775.0,5000,1,mombasa
1593,68.0,9,32156.0,563.0,KES 20000,0,mombasa
1594,55.0,2,6960.0,637.0,20000,0,Nairobi
1595,,3,5032.0,793.0,10000,1,NRB
1596,55.0,13,26998.0,278.0,10000,0,Nairobi
1597,67.0,14,38196.0,493.0,5000,1,mombasa
1598,,8,33726.0,,KES 10000,1,Mombasa
1599,68.0,13,5191.0,186.0,10000,0,Mombasa
1600,80.0,13,,569.0,KES 10000,0,mombasa
1601,69.0,6,15120.0,1002.0,KES 20000,0,Nairobi
1602,55.0,0,5561.0,132.0,5000,0,nairobi
1603,47.0,13,25636.0,494.0,20000,0,nairobi
1604,68.0,11,29375.0,628.0,50000,1,NRB
1605,,3,21508.0,525.0,20000,0,nairobi
1606,46.0,3,5463.0,477.0,50000,1,MSA
1607,21.0,8,86435.0,240.0,2000,0,mombasa
1608,27.0,5,12426.0,547.0,KES 2000,0,mombasa
1609,73.0,8,48515.0,349.0,50000,0,NRB
1610,,11,63489.0,62.0,50000,1,nairobi
1611,34.0,14,17942.0,739.0,KES 20000,0,MSA
1612,51.0,5,33787.0,692.0,50000,1,Mombasa
1613,23.0,5,7114.0,,KES 5000,1,nairobi
1614,70.0,4,18557.0,,2000,1,mombasa
1615,83.0,4,34618.0,715.0,2000,0,nairobi
1616,60.0,1,25216.0,545.0,50000,1,Nairobi
1617,40.0,7,41414.0,681.0,10000,0,Nairobi
1618,72.0,7,16831.0,441.0,KES 10000,1,mombasa
1619,33.0,10,48511.0,762.0,KES 50000,0,NRB
1620,25.0,12,10723.0,,5000,1,MSA
1621,21.0,0,34110.0,539.0,10000,0,MSA
1622,21.0,7,,,50000,0,Nairobi
1623,73.0,4,4622.0,557.0,5000,0,Mombasa
1624,42.0,1,40890.0,334.0,5000,1,MSA
1625,84.0,13,13341.0,372.0,20000,1,Mombasa
1626,84.0,1,9960.0,337.0,KES 5000,0,mombasa
1627,,13,56761.0,287.0,10000,1,mombasa
1628,49.0,14,44494.0,925.0,10000,1,Nairobi
1629,67.0,14,9555.0,766.0,50000,1,Nairobi
1630,78.0,5,8234.0,884.0,KES 50000,1,Nairobi
1631,68.0,10,17104.0,255.0,5000,1,nairobi
1632,,12,8828.0,514.0,2000,1,mombasa
1633,,8,65260.0,241.0,20000,1,NRB
1634,22.0,0,4294.0,,2000,0,Nairobi
1635,59.0,11,78657.0,316.0,5000,0,Mombasa
1636,78.0,5,33177.0,748.0,5000,1,mombasa
1637,39.0,8,37703.0,421.0,2000,0,nairobi
1638,38.0,7,27095.0,714.0,KES 20000,0,NRB
1639,18.0,10,5131.0,621.0,2000,0,MSA
1640,22.0,5,43713.0,961.0,50000,1,NRB
1641,29.0,2,25651.0,204.0,10000,1,NRB
1642,63.0,7,10679.0,752.0,50000,1,nairobi
1643,51.0,8,52350.0,729.0,10000,1,Mombasa
1644,66.0,0,49658.0,305.0,5000,1,nairobi
1645,62.0,11,52525.0,701.0,20000,0,mombasa
1646,44.0,8,47506.0,567.0,2000,1,Mombasa
1647,43.0,13,15991.0,455.0,20000,0,NRB
1648,,14,36983.0,335.0,2000,1,NRB
1649,73.0,5,51601.0,356.0,50000,0,MSA
1650,80.0,5,47906.0,910.0,50000,1,NRB
1651,65.0,11,1400.0,500.0,2000,1,MSA
1652,78.0,3,23578.0,656.0,20000,1,Nairobi
1653,43.0,0,13585.0,342.0,2000,1,MSA
1654,53.0,9,64700.0,344.0,KES 5000,1,mombasa
1655,18.0,7,23851.0,,50000,1,Mombasa
1656,25.0,1,34882.0,230.0,5000,0,mombasa
1657,69.0,11,28931.0,417.0,KES 50000,1,Nairobi
1658,64.0,0,60251.0,507.0,KES 50000,0,nairobi
1659,73.0,1,79368.0,522.0,10000,1,mombasa
1660,,0,25781.0,464.0,5000,0,NRB
1661,45.0,0,,579.0,5000,0,nairobi
1662,19.0,8,62618.0,639.0,KES 10000,0,NRB
1663,,12,9007.0,647.0,KES 20000,0,mombasa
1664,31.0,13,10076.0,303.0,5000,0,NRB
1665,76.0,0,14415.0,443.0,2000,0,Nairobi
1666,,12,43130.0,739.0,10000,1,Mombasa
1667,24.0,3,26375.0,679.0,5000,0,Nairobi
1668,20.0,9,14545.0,225.0,20000,1,MSA
1669,40.0,5,57852.0,570.0,5000,1,Nairobi
1670,35.0,6,5641.0,104.0,KES 50000,0,NRB
1671,55.0,1,13940.0,509.0,2000,0,nairobi
1672,32.0,5,22178.0,880.0,KES 10000,1,Nairobi
1673,81.0,6,,310.0,50000,0,mombasa
1674,45.0,9,14308.0,333.0,KES 20000,0,nairobi
1675,56.0,13,37009.0,653.0,50000,0,Mombasa
1676,74.0,9,22144.0,191.0,50000,0,NRB
1677,34.0,1,8353.0,373.0,KES 20000,0,MSA
1678,61.0,14,36506.0,619.0,50000,0,mombasa
1679,42.0,1,19724.0,373.0,10000,0,mombasa
1680,34.0,9,16105.0,453.0,5000,1,Nairobi
1681,30.0,6,7091.0,649.0,50000,0,Nairobi
1682,,11,26530.0,584.0,10000,1,Mombasa
1683,,0,67258.0,553.0,5000,1,nairobi
1684,84.0,7,14904.0,432.0,KES 5000,1,Mombasa
1685,35.0,10,9094.0,574.0,50000,1,Nairobi
1686,51.0,12,4656.0,475.0,10000,0,Nairobi
1687,25.0,2,4132.0,592.0,50000,1,nairobi
1688,57.0,10,22602.0,401.0,KES 20000,1,Nairobi
1689,59.0,5,26735.0,463.0,KES 5000,1,Mombasa
1690,58.0,8,33478.0,302.0,50000,1,NRB
1691,23.0,5,23420.0,,KES 5000,1,NRB
1692,69.0,8,28771.0,338.0,KES 10000,0,Nairobi
1693,43.0,6,66697.0,277.0,2000,0,Mombasa
1694,,14,,552.0,50000,1,Mombasa
1695,76.0,8,,543.0,50000,0,Mombasa
1696,73.0,1,50216.0,657.0,5000,0,Mombasa
1697,,11,39966.0,414.0,KES 10000,1,mombasa
1698,50.0,7,5489.0,,20000,1,mombasa
1699,70.0,7,21065.0,610.0,10000,1,Nairobi
1700,39.0,1,30752.0,589.0,50000,0,Mombasa
1701,38.0,11,11717.0,335.0,KES 20000,1,Mombasa
1702,21.0,13,74300.0,,10000,0,NRB
1703,79.0,3,19185.0,573.0,2000,0,nairobi
1704,,13,4898.0,501.0,KES 5000,0,Nairobi
1705,41.0,14,18255.0,83.0,10000,1,nairobi
1706,72.0,10,34058.0,532.0,10000,0,mombasa
1707,26.0,14,11719.0,943.0,KES 2000,1,mombasa
1708,20.0,6,22369.0,428.0,50000,1,mombasa
1709,48.0,10,5017.0,354.0,5000,1,Mombasa
1710,57.0,3,17426.0,575.0,10000,1,MSA
1711,53.0,3,25307.0,562.0,20000,1,nairobi
1712,41.0,5,23357.0,739.0,KES 10000,0,NRB
1713,23.0,9,44125.0,248.0,5000,0,MSA
1714,83.0,5,,646.0,10000,0,mombasa
1715,,9,32621.0,,2000,0,NRB
1716,,14,37690.0,472.0,KES 10000,0,Mombasa
1717,68.0,2,13765.0,568.0,10000,1,nairobi
1718,79.0,14,11648.0,706.0,20000,1,mombasa
1719,74.0,8,74686.0,,2000,0,MSA
1720,83.0,11,19616.0,271.0,2000,0,NRB
1721,,9,,664.0,KES 10000,0,MSA
1722,43.0,13,34827.0,487.0,20000,1,Mombasa
1723,68.0,10,6505.0,515.0,10000,1,MSA
1724,,1,,515.0,KES 10000,1,Nairobi
1725,61.0,5,28109.0,470.0,5000,0,MSA
1726,22.0,11,,738.0,5000,0,NRB
1727,43.0,6,28099.0,483.0,20000,0,Nairobi
1728,36.0,11,42974.0,276.0,50000,0,NRB
1729,,12,44205.0,421.0,5000,1,mombasa
1730,29.0,8,20134.0,536.0,50000,0,MSA
1731,64.0,12,93621.0,746.0,2000,0,MSA
1732,18.0,2,13100.0,621.0,KES 5000,0,NRB
1733,,9,4952.0,330.0,5000,1,NRB
1734,81.0,2,16823.0,997.0,20000,1,Mombasa
1735,55.0,6,3982.0,553.0,50000,0,NRB
1736,54.0,13,13872.0,755.0,KES 5000,1,mombasa
1737,28.0,3,25079.0,,5000,1,Mombasa
1738,20.0,12,30206.0,607.0,KES 20000,1,Mombasa
1739,50.0,7,18401.0,668.0,20000,1,MSA
1740,23.0,12,13757.0,744.0,50000,1,MSA
1741,67.0,6,16626.0,711.0,2000,0,Nairobi
1742,27.0,4,37051.0,674.0,2000,0,mombasa
1743,22.0,6,,437.0,10000,0,MSA
1744,,2,13820.0,386.0,5000,1,Mombasa
1745,27.0,11,,567.0,50000,1,mombasa
1746,61.0,1,26979.0,687.0,5000,1,Nairobi
1747,19.0,5,4665.0,455.0,50000,1,MSA
1748,30.0,1,51312.0,713.0,50000,0,Nairobi
1749,57.0,2,17006.0,791.0,50000,0,MSA
1750,19.0,5,8731.0,317.0,5000,0,NRB
1751,82.0,4,,333.0,20000,0,mombasa
1752,80.0,7,51811.0,472.0,KES 5000,0,nairobi
1753,34.0,8,2239.0,562.0,50000,0,Mombasa
1754,26.0,10,33992.0,395.0,10000,1,MSA
1755,32.0,2,45251.0,,2000,1,Mombasa
1756,,11,18192.0,585.0,50000,0,Nairobi
1757,55.0,9,70195.0,508.0,10000,1,nairobi
1758,,2,10335.0,213.0,KES 20000,0,Mombasa
1759,66.0,2,36852.0,237.0,50000,0,Nairobi
1760,79.0,12,27234.0,556.0,10000,1,MSA
1761,77.0,12,76289.0,73.0,KES 50000,0,Mombasa
1762,67.0,5,19943.0,703.0,KES 5000,0,Mombasa
1763,26.0,14,34165.0,468.0,10000,0,Nairobi
1764,51.0,14,27104.0,1149.0,KES 5000,1,mombasa
1765,,0,5555.0,962.0,5000,1,MSA
1766,18.0,6,22276.0,464.0,10000,1,Nairobi
1767,57.0,11,15186.0,479.0,2000,1,MSA
1768,81.0,0,27243.0,699.0,10000,0,mombasa
1769,39.0,13,34646.0,841.0,2000,1,nairobi
1770,,4,61022.0,172.0,50000,1,Nairobi
1771,81.0,14,1579.0,,50000,1,MSA
1772,,9,25009.0,376.0,KES 10000,0,Nairobi
1773,31.0,12,7354.0,617.0,50000,1,nairobi
1774,77.0,7,37206.0,599.0,20000,1,MSA
1775,47.0,3,97302.0,714.0,5000,0,nairobi
1776,52.0,4,19046.0,260.0,5000,0,NRB
1777,54.0,3,12617.0,37.0,2000,0,MSA
1778,22.0,11,16916.0,672.0,50000,0,mombasa
1779,43.0,11,7464.0,334.0,KES 2000,1,NRB
1780,79.0,13,722.0,,5000,0,nairobi
1781,21.0,3,30371.0,529.0,KES 5000,1,MSA
1782,59.0,11,24125.0,659.0,KES 50000,1,nairobi
1783,35.0,7,,476.0,20000,1,MSA
1784,57.0,1,9212.0,408.0,KES 20000,1,nairobi
1785,56.0,0,,468.0,50000,1,mombasa
1786,31.0,2,57673.0,,KES 50000,0,Nairobi
1787,49.0,8,27645.0,230.0,2000,1,mombasa
1788,68.0,3,2456.0,357.0,50000,1,nairobi
1789,55.0,9,21553.0,604.0,20000,1,NRB
1790,,4,32035.0,564.0,50000,0,mombasa
1791,80.0,1,19668.0,534.0,2000,1,Nairobi
1792,32.0,3,21593.0,301.0,2000,1,MSA
1793,42.0,1,,464.0,2000,0,Nairobi
1794,34.0,14,20032.0,,2000,1,MSA
1795,83.0,1,47999.0,,KES 10000,1,MSA
1796,70.0,3,28896.0,786.0,50000,0,Mombasa
1797,68.0,5,15652.0,205.0,5000,1,MSA
1798,,6,19715.0,383.0,50000,1,NRB
1799,68.0,9,61179.0,566.0,10000,1,MSA
1800,23.0,2,9397.0,751.0,2000,1,Nairobi
1801,84.0,2,13894.0,,10000,1,nairobi
1802,24.0,9,21555.0,362.0,20000,0,NRB
1803,68.0,5,14846.0,106.0,20000,0,Mombasa
1804,59.0,12,59204.0,,50000,0,Mombasa
1805,81.0,11,48821.0,908.0,50000,1,nairobi
1806,32.0,2,21168.0,555.0,5000,1,Nairobi
1807,46.0,12,92169.0,496.0,5000,1,Nairobi
1808,50.0,1,30569.0,564.0,20000,0,NRB
1809,44.0,7,67236.0,498.0,2000,1,nairobi
1810,53.0,4,62970.0,337.0,10000,1,Mombasa
1811,46.0,14,33920.0,665.0,KES 5000,1,nairobi
1812,55.0,0,8743.0,545.0,5000,0,MSA
1813,74.0,2,,504.0,2000,0,NRB
1814,44.0,9,13480.0,305.0,2000,1,MSA
1815,72.0,7,36703.0,761.0,50000,1,MSA
1816,50.0,3,32547.0,633.0,10000,1,mombasa
1817,83.0,13,29464.0,389.0,2000,0,NRB
1818,27.0,6,43466.0,700.0,KES 5000,0,mombasa
1819,22.0,9,31510.0,400.0,5000,0,NRB
1820,55.0,11,23253.0,344.0,20000,1,Nairobi
1821,,13,8062.0,348.0,2000,0,MSA
1822,48.0,13,14673.0,146.0,50000,1,Mombasa
1823,64.0,1,10119.0,,10000,1,mombasa
1824,69.0,6,45356.0,134.0,50000,0,mombasa
1825,73.0,4,22086.0,254.0,5000,1,MSA
1826,32.0,4,29556.0,85.0,50000,0,nairobi
1827,46.0,5,,483.0,KES 5000,1,nairobi
1828,25.0,12,53191.0,470.0,5000,1,Nairobi
1829,22.0,8,38429.0,435.0,KES 5000,0,nairobi
1830,,13,26953.0,291.0,5000,1,Mombasa
1831,64.0,5,23991.0,266.0,5000,1,mombasa
1832,62.0,11,12277.0,593.0,20000,1,Mombasa
1833,19.0,12,,390.0,50000,1,Mombasa
1834,44.0,14,5564.0,563.0,20000,1,Mombasa
1835,53.0,13,38975.0,,20000,1,Nairobi
1836,,7,41495.0,536.0,2000,1,nairobi
1837,43.0,6,42782.0,761.0,KES 2000,1,nairobi
1838,60.0,8,10753.0,617.0,KES 2000,0,NRB
1839,44.0,3,64347.0,418.0,10000,0,Mombasa
1840,37.0,1,19096.0,551.0,2000,1,mombasa
1841,28.0,6,35778.0,452.0,KES 50000,1,Mombasa
1842,,5,7897.0,502.0,20000,0,Nairobi
1843,23.0,0,55016.0,435.0,50000,1,mombasa
1844,,10,40368.0,467.0,2000,0,mombasa
1845,64.0,8,19757.0,542.0,10000,0,Nairobi
1846,,8,16971.0,301.0,10000,0,NRB
1847,29.0,11,39676.0,297.0,20000,1,NRB
1848,30.0,1,54909.0,222.0,KES 50000,1,NRB
1849,,2,12351.0,180.0,KES 5000,1,Nairobi
1850,77.0,4,23162.0,257.0,50000,0,NRB
1851,60.0,4,16458.0,532.0,KES 2000,0,nairobi
1852,22.0,14,56675.0,321.0,KES 5000,0,NRB
1853,,0,15122.0,603.0,KES 10000,1,NRB
1854,48.0,7,,507.0,20000,0,nairobi
1855,26.0,11,40934.0,106.0,KES 20000,0,Mombasa
1856,68.0,7,60784.0,631.0,10000,1,Nairobi
1857,46.0,3,39285.0,,2000,0,nairobi
1858,57.0,12,,301.0,10000,0,Nairobi
1859,58.0,6,88068.0,584.0,2000,1,MSA
1860,28.0,14,,329.0,5000,1,mombasa
1861,40.0,14,77276.0,520.0,10000,0,NRB
1862,18.0,10,16629.0,,2000,1,MSA
1863,63.0,9,41251.0,141.0,KES 5000,0,mombasa
1864,38.0,2,28210.0,423.0,10000,1,nairobi
1865,53.0,5,27835.0,475.0,20000,0,mombasa
1866,,13,,420.0,10000,1,Mombasa
1867,74.0,9,37218.0,263.0,50000,0,mombasa
1868,18.0,12,23741.0,420.0,10000,1,nairobi
1869,80.0,9,14366.0,554.0,KES 50000,1,Nairobi
1870,71.0,11,37445.0,491.0,5000,1,mombasa
1871,72.0,13,22021.0,537.0,KES 10000,1,NRB
1872,57.0,8,53339.0,366.0,KES 5000,1,Mombasa
1873,32.0,0,52214.0,734.0,5000,1,Mombasa
1874,38.0,4,33670.0,265.0,2000,1,Mombasa
1875,,3,9972.0,598.0,KES 5000,0,MSA
1876,70.0,7,18062.0,,5000,0,MSA
1877,26.0,10,79398.0,596.0,10000,1,Mombasa
1878,69.0,11,36559.0,459.0,10000,1,Mombasa
1879,74.0,0,60643.0,394.0,KES 20000,0,NRB
1880,43.0,8,,707.0,2000,0,NRB
1881,58.0,5,,215.0,KES 5000,1,Mombasa
1882,52.0,3,4697.0,306.0,2000,0,nairobi
1883,80.0,11,36953.0,420.0,50000,0,Mombasa
1884,42.0,8,4182.0,748.0,5000,1,NRB
1885,55.0,10,53337.0,576.0,KES 2000,1,mombasa
1886,,4,12397.0,306.0,20000,1,nairobi
1887,24.0,14,22224.0,438.0,20000,0,mombasa
1888,51.0,4,31995.0,377.0,5000,1,NRB
1889,,11,43889.0,,50000,1,NRB
1890,60.0,4,21913.0,696.0,20000,0,Mombasa
1891,,0,29332.0,,20000,1,Mombasa
1892,68.0,0,31017.0,822.0,50000,0,mombasa
1893,71.0,7,26476.0,666.0,2000,0,MSA
1894,41.0,11,,718.0,20000,0,MSA
1895,42.0,7,16741.0,407.0,10000,0,NRB
1896,69.0,11,32249.0,470.0,KES 20000,0,NRB
1897,50.0,14,31461.0,213.0,2000,0,Mombasa
1898,66.0,14,14190.0,395.0,2000,1,mombasa
1899,46.0,5,21714.0,599.0,5000,1,MSA
1900,80.0,11,4236.0,759.0,10000,1,Nairobi
1901,39.0,10,20790.0,279.0,2000,0,nairobi
1902,43.0,12,4402.0,427.0,KES 50000,1,Mombasa
1903,45.0,3,,470.0,10000,0,NRB
1904,66.0,1,10046.0,221.0,10000,1,Mombasa
1905,66.0,13,12967.0,618.0,50000,0,mombasa
1906,37.0,1,61995.0,355.0,KES 20000,1,MSA
1907,,8,8798.0,461.0,50000,0,mombasa
1908,78.0,14,18349.0,410.0,50000,1,MSA
1909,66.0,4,31998.0,342.0,KES 20000,0,Nairobi
1910,18.0,3,3215.0,499.0,20000,1,Mombasa
1911,30.0,9,22204.0,457.0,20000,0,NRB
1912,68.0,12,29863.0,426.0,20000,1,MSA
1913,73.0,0,9548.0,354.0,20000,1,NRB
1914,79.0,6,6302.0,564.0,KES 50000,1,Mombasa
1915,49.0,2,43389.0,831.0,5000,0,NRB
1916,47.0,5,3377.0,528.0,5000,0,MSA
1917,,4,18123.0,699.0,KES 2000,0,Mombasa
1918,66.0,4,8350.0,222.0,5000,0,nairobi
1919,62.0,10,1606.0,532.0,5000,0,Mombasa
1920,47.0,4,53871.0,281.0,KES 50000,1,MSA
1921,33.0,0,40661.0,205.0,20000,0,mombasa
1922,57.0,0,56978.0,352.0,KES 20000,1,Nairobi
1923,36.0,2,27744.0,738.0,50000,1,NRB
1924,35.0,13,8364.0,,5000,0,nairobi
1925,18.0,11,,,50000,1,mombasa
1926,64.0,9,,193.0,2000,0,Nairobi
1927,83.0,3,20075.0,,KES 20000,0,Mombasa
1928,55.0,4,51483.0,560.0,10000,0,MSA
1929,68.0,1,16638.0,535.0,2000,1,Nairobi
1930,80.0,7,32292.0,131.0,2000,0,MSA
1931,21.0,10,30423.0,322.0,50000,0,Nairobi
1932,18.0,10,7721.0,487.0,KES 5000,0,MSA
1933,25.0,13,7915.0,607.0,20000,1,NRB
1934,46.0,1,40102.0,61.0,10000,0,NRB
1935,72.0,8,,468.0,2000,1,Mombasa
1936,,1,33623.0,529.0,10000,1,NRB
1937,49.0,12,11209.0,670.0,5000,0,MSA
1938,27.0,8,13552.0,639.0,5000,1,NRB
1939,51.0,6,33113.0,617.0,10000,1,Nairobi
1940,72.0,14,21483.0,340.0,20000,0,Nairobi
1941,49.0,7,18816.0,118.0,5000,0,Mombasa
1942,67.0,14,10247.0,421.0,10000,0,NRB
1943,24.0,10,27318.0,,2000,1,NRB
1944,25.0,1,11948.0,779.0,10000,0,mombasa
1945,82.0,6,36482.0,642.0,10000,1,NRB
1946,74.0,11,,586.0,50000,1,Mombasa
1947,84.0,5,18646.0,576.0,5000,1,Mombasa
1948,76.0,3,36956.0,389.0,20000,1,MSA
1949,71.0,6,31185.0,474.0,20000,1,MSA
1950,84.0,13,32993.0,834.0,50000,0,Mombasa
1951,68.0,12,22353.0,311.0,20000,0,nairobi
1952,25.0,3,8368.0,823.0,10000,1,Nairobi
1953,51.0,1,44739.0,436.0,50000,1,NRB
1954,52.0,9,24474.0,765.0,2000,0,MSA
1955,49.0,11,14324.0,219.0,5000,0,mombasa
1956,63.0,6,13324.0,617.0,5000,1,Nairobi
1957,33.0,7,70200.0,353.0,5000,1,Mombasa
1958,54.0,1,21223.0,217.0,10000,0,MSA
1959,71.0,4,6500.0,544.0,2000,0,MSA
1960,31.0,0,55245.0,702.0,KES 50000,1,Nairobi
1961,72.0,6,18572.0,331.0,KES 50000,0,mombasa
1962,65.0,7,15097.0,200.0,5000,0,Mombasa
1963,24.0,12,9077.0,,2000,1,Mombasa
1964,24.0,5,25414.0,483.0,2000,1,MSA
1965,50.0,4,46403.0,610.0,2000,1,Mombasa
1966,40.0,14,26107.0,690.0,20000,0,mombasa
1967,36.0,5,16336.0,488.0,20000,1,mombasa
1968,36.0,14,5373.0,,5000,0,Nairobi
1969,53.0,1,19604.0,545.0,KES 2000,1,nairobi
1970,46.0,0,,,KES 2000,1,MSA
1971,77.0,6,11382.0,178.0,50000,0,nairobi
1972,19.0,6,,447.0,50000,0,Nairobi
1973,18.0,9,16703.0,433.0,5000,1,NRB
1974,64.0,10,31837.0,692.0,2000,1,MSA
1975,37.0,9,,592.0,5000,0,Nairobi
1976,28.0,13,42321.0,264.0,50000,1,nairobi
1977,19.0,1,27271.0,534.0,50000,0,Nairobi
1978,84.0,1,68019.0,634.0,20000,0,nairobi
1979,29.0,0,27765.0,806.0,5000,1,NRB
1980,37.0,9,36120.0,678.0,KES 5000,0,mombasa
1981,,7,28988.0,652.0,KES 2000,0,Mombasa
1982,54.0,14,8477.0,512.0,2000,0,Nairobi
1983,55.0,7,54435.0,578.0,20000,1,nairobi
1984,26.0,0,31981.0,750.0,10000,0,Nairobi
1985,70.0,11,36817.0,233.0,10000,1,mombasa
1986,,10,49528.0,430.0,KES 10000,1,mombasa
1987,41.0,7,50981.0,,KES 5000,1,MSA
1988,47.0,8,9292.0,576.0,5000,0,NRB
1989,,13,7508.0,746.0,50000,0,NRB
1990,31.0,3,12243.0,381.0,5000,1,Nairobi
1991,26.0,0,7754.0,22.0,5000,1,NRB
1992,57.0,0,16982.0,418.0,5000,0,NRB
1993,83.0,2,8644.0,683.0,20000,1,Nairobi
1994,42.0,14,9222.0,,5000,1,Nairobi
1995,,13,31235.0,586.0,2000,0,MSA
1996,21.0,4,4733.0,,2000,1,mombasa
1997,,4,25192.0,244.0,50000,0,Nairobi
1998,75.0,8,,603.0,20000,0,Nairobi
1999,46.0,9,44365.0,,2000,1,mombasa
2000,54.0,13,37643.0,,20000,0,NRB
1001,69.0,10,49953.0,640.0,50000,1,Nairobi
1002,32.0,5,20424.0,,KES 2000,0,mombasa
1003,78.0,1,37600.0,849.0,KES 5000,1,mombasa
1004,38.0,4,,686.0,50000,1,Mombasa
1005,41.0,9,,453.0,50000,1,NRB
1006,20.0,3,5000000.0,,2000,1,nairobi
1007,39.0,8,59217.0,279.0,10000,0,Nairobi
1008,70.0,5,20272.0,335.0,5000,1,mombasa
1009,19.0,1,7520.0,378.0,50000,0,MSA
1010,47.0,0,4767.0,394.0,10000,0,MSA
1011,-25.0,4,5375.0,,5000,0,NRB
1012,19.0,8,19571.0,745.0,20000,0,MSA
1013,81.0,5,28432.0,448.0,20000,1,nairobi
1014,77.0,9,13745.0,571.0,5000,1,Mombasa
1015,38.0,11,13969.0,386.0,2000,0,Mombasa
1016,50.0,6,17195.0,136.0,5000,1,Mombasa
1017,75.0,4,24616.0,554.0,KES 5000,0,mombasa
1018,39.0,9,64735.0,118.0,2000,1,nairobi
1019,66.0,5,3701.0,486.0,2000,1,MSA
1020,76.0,4,40615.0,226.0,10000,1,nairobi
